last_name, first_name,player_id,year,player_age,p_game,p_formatted_ip,p_total_pa,p_ab,p_total_hits,p_single,p_double,p_triple,p_home_run,p_strikeout,p_walk,p_k_percent,p_bb_percent,batting_avg,slg_percent,on_base_percent,on_base_plus_slg,woba,pitch_hand,n,n_ff_formatted,ff_avg_speed,ff_avg_spin,ff_avg_break_x,ff_avg_break_z,ff_avg_break,ff_range_speed
Wainwright, Adam,425794,2021,40,32,206.1,828,765,168,111,34,2,21,174,50,21,6,0.22,0.352,0.274,0.626,0.273,R,3055,9.5,89,2227,-1.9,-19.8,14.9,1.4
Greinke, Zack,425844,2021,38,30,171,697,652,164,105,29,0,30,120,36,17.2,5.2,0.252,0.434,0.29,0.724,0.309,R,2560,40.1,88.9,2234,-1.3,-18,16.7,1.3
Santana, Ervin,429722,2021,39,38,65.1,277,251,65,38,16,2,9,52,22,18.8,7.9,0.259,0.446,0.321,0.768,0.328,R,1063,45.1,93.4,2178,-4.5,-17.2,14.9,1.3
Kazmir, Scott,431148,2021,37,5,11.1,55,48,15,9,3,0,3,10,6,18.2,10.9,0.313,0.563,0.382,0.944,0.398,L,207,54.6,92.4,2152,11.2,-15.8,19.9,1.3
Petit, Yusmeiro,433589,2021,37,78,78,313,296,69,47,8,2,12,37,12,11.8,3.8,0.233,0.395,0.262,0.657,0.28,R,1082,45.4,87.6,2136,-5,-17.6,18.8,1.2
Kintzler, Brandon,445213,2021,37,29,29.2,141,131,45,29,8,1,7,22,8,15.6,5.7,0.344,0.58,0.383,0.963,0.402,R,510,0.6,92.2,1929,-10.2,-18.3,17.4,1.4
Jansen, Kenley,445276,2021,34,69,69,278,236,36,25,7,0,4,86,36,30.9,12.9,0.153,0.233,0.266,0.499,0.229,R,1071,,,,,,,
Chavez, Jesse,445926,2021,38,30,33.2,133,120,23,15,7,1,0,36,11,27.1,8.3,0.192,0.267,0.256,0.522,0.23,R,528,3.4,91.1,2068,-11.5,-23,15.2,1.2
Detwiler, Ross,446321,2021,35,53,52.1,229,198,44,21,11,2,10,62,20,27.1,8.7,0.222,0.449,0.314,0.764,0.326,L,888,34.1,91.9,2182,10.5,-16,19.7,1.3
Kluber, Corey,446372,2021,35,16,80,341,299,74,53,12,1,8,82,33,24,9.7,0.247,0.375,0.328,0.703,0.31,R,1338,4.6,89.9,2263,-5.3,-18.6,16.3,1.3
Hill, Rich,448179,2021,41,32,158.2,661,582,137,83,32,1,21,150,55,22.7,8.3,0.235,0.402,0.315,0.717,0.313,L,2329,50.5,88.1,2339,9.2,-16.1,21.5,1.4
Doolittle, Sean,448281,2021,35,56,49.2,223,194,50,28,13,2,7,53,23,23.8,10.3,0.258,0.454,0.336,0.79,0.336,L,866,81.1,93.1,2261,3.6,-11.6,20.5,1.4
Guerra, Junior,448855,2021,36,41,65.1,307,256,67,49,12,0,6,61,46,19.9,15,0.262,0.379,0.378,0.757,0.338,R,1225,17.6,92.2,2329,-4.5,-13.4,19.5,1.1
Morton, Charlie,450203,2021,38,33,185.2,756,669,136,100,17,3,16,216,58,28.6,7.7,0.203,0.309,0.279,0.589,0.264,R,2987,36,95.5,2340,-13,-17.5,18.2,1.1
Davis, Wade,451584,2021,36,40,42.2,190,163,44,30,6,0,8,38,19,20,10,0.27,0.454,0.342,0.796,0.341,R,769,40.3,92.7,2391,-3.1,-14.1,18,1.3
Albers, Andrew,452027,2021,36,5,19,89,79,24,11,3,1,9,12,9,13.5,10.1,0.304,0.709,0.382,1.091,0.446,L,365,31.8,88.4,2187,7.5,-16.4,20.3,1.4
Lester, Jon,452657,2021,37,28,141.1,627,558,159,101,33,0,25,91,55,14.5,8.8,0.285,0.478,0.346,0.825,0.352,L,2380,31.1,88.7,2172,5,-20,15.7,1.3
Kennedy, Ian,453178,2021,37,55,56.1,228,208,45,27,6,0,12,62,17,27.2,7.5,0.216,0.418,0.281,0.699,0.296,R,899,82.5,94.1,2427,-10.8,-13.3,20.8,0.9
Miller, Andrew,453192,2021,36,40,36,164,140,41,26,8,2,5,40,16,24.4,9.8,0.293,0.486,0.378,0.864,0.372,L,620,16.3,87.9,2050,8.3,-22.8,15.2,1.5
Watson, Tony,453265,2021,36,62,57.1,225,207,40,29,7,0,4,44,18,19.6,8,0.193,0.285,0.258,0.543,0.241,L,866,25.2,92.5,2310,14.3,-21.8,17.7,1.2
Bard, Daniel,453268,2021,36,67,65.2,304,260,69,44,15,2,8,80,36,26.3,11.8,0.265,0.431,0.368,0.799,0.35,R,1217,34.8,97.5,2727,-9.5,-18.6,13.9,1.4
LeBlanc, Wade,453281,2021,37,18,49,221,198,56,34,13,1,8,29,17,13.1,7.7,0.283,0.48,0.348,0.828,0.353,L,794,15,87.5,1994,7.8,-19.9,17.8,1.6
Parker, Blake,453284,2021,36,47,43.2,185,167,43,31,6,1,5,37,14,20,7.6,0.257,0.395,0.319,0.714,0.31,R,713,46.3,90.7,2002,-2.7,-17.3,16.1,1
Scherzer, Max,453286,2021,37,30,179.1,693,644,119,73,21,2,23,236,36,34.1,5.2,0.185,0.331,0.238,0.569,0.248,R,2821,46.7,94.3,2436,-10.6,-14.8,19.3,1.4
Melancon, Mark,453343,2021,36,64,64.2,265,237,54,41,9,0,4,59,25,22.3,9.4,0.228,0.316,0.302,0.618,0.27,R,1053,2.8,91.7,2249,-8.9,-20,15.6,2.1
Arrieta, Jake,453562,2021,35,24,98.2,469,410,131,80,26,1,24,83,44,17.7,9.4,0.32,0.563,0.386,0.949,0.4,R,1746,,,,,,,
Martin, Chris,455119,2021,35,46,43.1,181,169,49,38,7,0,4,33,6,18.2,3.3,0.29,0.402,0.32,0.723,0.313,R,663,40.1,94.8,2118,-7.6,-16.1,16.3,0.9
Price, David,456034,2021,36,39,73.2,326,290,79,51,19,1,8,58,26,17.8,8,0.272,0.428,0.334,0.762,0.33,L,1178,18,92.9,2018,8.9,-18.8,15.8,1.5
Cueto, Johnny,456501,2021,35,22,114.2,490,445,127,83,23,6,15,98,30,20,6.1,0.285,0.465,0.329,0.794,0.342,R,1877,36.1,91.8,2240,-11.7,-17,19.5,1.6
Happ, J.A.,457918,2021,39,30,152.1,671,615,177,106,35,6,30,122,48,18.2,7.2,0.288,0.511,0.34,0.85,0.361,L,2674,53.9,91,2298,7.9,-16.1,18.8,1.2
Lindblom, Josh,458676,2021,34,8,16.2,85,71,23,11,5,2,5,17,10,20,11.8,0.324,0.662,0.424,1.086,0.449,R,342,37.1,90.3,2593,-5.8,-15.8,18.9,1.4
Wilson, Justin,458677,2021,34,42,34,149,131,32,20,5,1,6,29,16,19.5,10.7,0.244,0.435,0.329,0.764,0.332,L,604,58.4,93.5,2250,6.4,-12.2,20.3,1.2
Lynn, Lance,458681,2021,34,28,157,641,588,123,84,20,1,18,176,45,27.5,7,0.209,0.338,0.265,0.604,0.264,R,2503,42,94,2407,-6,-16,16.2,1.5
Tomlin, Josh,458708,2021,37,35,49.1,218,211,69,44,13,2,10,37,5,17,2.3,0.327,0.55,0.344,0.894,0.377,R,808,22.5,88.9,2311,-5.9,-16.3,19.5,1
McGee, Jake,459429,2021,35,62,59.2,239,224,44,28,9,0,7,58,10,24.3,4.2,0.196,0.33,0.234,0.565,0.242,L,878,90.1,94.9,2143,11.5,-15,19.3,1.5
Clippard, Tyler,461325,2021,36,26,25.1,111,95,22,13,5,1,3,21,11,18.9,9.9,0.232,0.4,0.324,0.724,0.315,R,410,23.2,89,2256,-5.8,-15.7,19.9,0.9
Swarzak, Anthony,461872,2021,36,13,12.1,56,54,20,11,4,1,4,9,1,16.1,1.8,0.37,0.704,0.393,1.097,0.458,R,199,42.7,93,2282,-6.2,-15.2,17.5,1.2
Soria, Joakim,465657,2021,37,41,37.1,159,145,39,21,11,1,6,40,12,25.2,7.5,0.269,0.483,0.327,0.81,0.344,R,605,59.3,92.8,2337,-4.9,-14.2,18.6,1.2
Chacin, Jhoulys,468504,2021,33,46,64.1,269,239,53,29,12,4,8,47,28,17.5,10.4,0.222,0.406,0.301,0.707,0.306,R,1070,10,92.5,2240,-4.7,-17.4,15.4,1.5
Carrasco, Carlos,471911,2021,34,12,53.2,237,217,59,33,14,0,12,50,18,21.1,7.6,0.272,0.502,0.325,0.827,0.35,R,889,39.5,93.4,2260,-7,-16.3,16.6,1.3
Abad, Fernando,472551,2021,36,16,17.2,82,75,23,15,6,1,1,10,7,12.2,8.5,0.307,0.453,0.366,0.819,0.35,L,299,6,91.7,2112,5.3,-17.5,17.1,4
Garcia, Luis,472610,2021,34,34,33.1,135,124,25,17,6,0,2,34,8,25.2,5.9,0.202,0.298,0.252,0.55,0.239,R,501,1.2,98.3,2204,-7.8,-15.8,14.7,1.4
Anderson, Brett,474463,2021,33,24,96,409,369,102,65,25,1,11,58,28,14.2,6.8,0.276,0.439,0.323,0.762,0.328,L,1508,0.6,88.6,1898,7.3,-21.4,15.1,1.5
Luetge, Lucas,476595,2021,34,57,72.1,301,281,67,46,14,1,6,78,15,25.9,5,0.238,0.359,0.282,0.642,0.279,L,1241,0.1,90.3,2556,1.2,-22.6,10.9,
Kershaw, Clayton,477132,2021,33,22,121.2,488,460,103,65,22,1,15,144,21,29.5,4.3,0.224,0.374,0.26,0.634,0.274,L,1806,36.7,90.6,2505,-0.5,-14,19.6,1.1
Buchter, Ryan,488748,2021,34,18,16.1,78,62,16,6,5,0,5,16,13,20.5,16.7,0.258,0.581,0.397,0.978,0.406,L,294,51.4,90.5,2217,9.5,-15.7,20.3,1.1
Miley, Wade,489119,2021,35,28,163,690,627,166,112,35,2,17,125,50,18.1,7.2,0.265,0.408,0.317,0.726,0.317,L,2590,16.3,89.9,2239,2.8,-17.1,17,1.4
Romo, Sergio,489265,2021,38,66,61.2,259,235,56,36,10,1,9,60,21,23.2,8.1,0.238,0.404,0.305,0.709,0.305,R,1043,2.1,85.6,2228,-13.4,-25.5,18,1.3
Stammen, Craig,489334,2021,37,67,88.1,355,336,79,55,11,0,13,83,13,23.4,3.7,0.235,0.384,0.268,0.652,0.279,R,1308,0.3,91.7,2276,-5.8,-18.2,15.6,1.6
Valdez, Cesar,491624,2021,36,39,46,210,194,62,39,14,1,8,45,14,21.4,6.7,0.32,0.526,0.367,0.892,0.376,R,757,8.7,85.3,2130,-14.7,-27.7,17.9,1.2
Ottavino, Adam,493603,2021,36,69,62,276,230,55,34,16,0,5,71,35,25.7,12.7,0.239,0.374,0.351,0.725,0.324,R,1146,20.7,95.5,2438,-5.2,-15.7,15.4,1.4
Guerra, Deolis,500610,2021,32,53,65.2,269,243,53,35,10,0,8,62,20,23,7.4,0.218,0.358,0.286,0.644,0.283,R,1086,36.8,90.7,2297,-12,-16.1,21.2,1.1
Quintana, Jose,500779,2021,32,29,63,297,259,74,47,15,0,12,85,35,28.6,11.8,0.286,0.483,0.37,0.853,0.366,L,1240,40.8,91.5,2041,3.6,-16.1,17.1,1.1
Pineda, Michael,501381,2021,32,22,109.1,458,430,114,69,26,2,17,88,21,19.2,4.6,0.265,0.453,0.299,0.753,0.32,R,1707,54.2,90.6,1946,-6.5,-19,15.9,1.5
Alvarez, Jose,501625,2021,32,67,64.2,266,244,53,44,5,2,2,42,19,15.8,7.1,0.217,0.279,0.271,0.549,0.245,L,970,12.3,91.3,2302,10.6,-17.2,19.1,1.2
Smith, Joe,501925,2021,37,50,39.2,173,158,47,32,9,1,5,34,8,19.7,4.6,0.297,0.462,0.335,0.797,0.339,R,650,23.4,87.4,1995,-16.7,-30.1,17.8,1.1
Minor, Mike,501985,2021,34,28,158.2,669,619,156,91,35,4,26,149,41,22.3,6.1,0.252,0.447,0.302,0.749,0.321,L,2621,42.8,90.9,2544,1.9,-18.2,15,1.5
Archer, Chris,502042,2021,33,6,19.1,83,75,18,11,4,0,3,21,8,25.3,9.6,0.24,0.413,0.313,0.727,0.316,R,327,45,92,2120,-5.9,-13.4,20.1,1.5
Gibson, Kyle,502043,2021,34,31,182,754,675,158,107,32,2,17,155,64,20.6,8.5,0.234,0.363,0.305,0.668,0.293,R,2881,12.7,92.8,2292,-5.6,-15.5,17.4,1.2
Robertson, David,502085,2021,36,12,12,50,46,11,7,2,0,2,16,4,32,8,0.239,0.413,0.3,0.713,0.308,R,208,0.5,91.8,2626,-8.6,-13.8,20.8,
Britton, Zack,502154,2021,34,22,18.1,82,65,17,12,3,0,2,16,14,19.5,17.1,0.262,0.4,0.402,0.802,0.355,L,327,,,,,,,
Cobb, Alex,502171,2021,34,18,93.1,393,354,85,63,15,2,5,98,33,24.9,8.4,0.24,0.336,0.308,0.644,0.286,R,1579,4.7,93.1,2107,-10.5,-14.9,19.8,1.3
Espino, Paolo,502179,2021,34,35,109.2,455,422,108,62,25,2,19,92,25,20.2,5.5,0.256,0.46,0.295,0.754,0.319,R,1735,55.2,89,2216,-3.5,-15.4,19.6,1.2
Boxberger, Brad,502202,2021,33,71,64.2,266,229,44,29,6,1,8,83,25,31.2,9.4,0.192,0.332,0.282,0.614,0.274,R,1074,55.9,93.5,2383,-6.1,-14.1,18.3,1.2
Cahill, Trevor,502239,2021,33,9,37,166,147,42,31,6,1,4,32,14,19.3,8.4,0.286,0.422,0.343,0.765,0.332,R,665,6.2,90.4,2232,-9.6,-17.6,18.8,1.4
Santiago, Hector,502327,2021,34,13,26.1,117,105,27,17,8,0,2,30,11,25.6,9.4,0.257,0.39,0.325,0.715,0.312,L,491,65.4,90.9,2044,12,-17.8,19.6,1.9
Miller, Justin,502522,2021,34,23,19,83,72,20,12,3,0,5,13,6,15.7,7.2,0.278,0.528,0.337,0.865,0.369,R,295,52.5,92.8,2296,-3.6,-15.7,16.6,1
Anderson, Chase,502624,2021,34,14,48,215,190,51,25,14,2,10,35,20,16.3,9.3,0.268,0.521,0.344,0.865,0.366,R,852,32.4,91.5,2121,-6.2,-15,18.7,1.4
Holland, Derek,502706,2021,35,39,49.2,225,202,58,38,12,2,6,51,20,22.7,8.9,0.287,0.455,0.351,0.807,0.345,L,835,9.8,92.8,2296,11.9,-16.7,19.3,1.5
Peralta, Wily,503449,2021,32,19,93.2,402,352,87,55,17,3,12,58,38,14.4,9.5,0.247,0.415,0.321,0.736,0.319,R,1554,24,93.6,1874,-6.9,-15.4,17.3,1.3
Dolis, Rafael,503569,2021,33,39,32,156,125,29,19,7,1,2,39,27,25,17.3,0.232,0.352,0.378,0.73,0.327,R,605,0.2,94.3,2298,-3.9,-10.3,21.2,
Darvish, Yu,506433,2021,35,30,166.1,681,623,138,70,35,5,28,199,44,29.2,6.5,0.222,0.429,0.279,0.708,0.301,R,2768,22,94.5,2513,-6.3,-11.8,20.1,1.4
Colome, Alex,517008,2021,33,67,65,290,258,68,46,14,0,8,58,23,20,7.9,0.264,0.411,0.328,0.738,0.319,R,1102,29.5,93.7,2101,-2.4,-13,18.4,1.1
Alexander, Scott,518397,2021,32,18,15.1,67,62,15,11,2,0,2,8,4,11.9,6,0.242,0.371,0.299,0.669,0.287,L,259,,,,,,,
Brasier, Ryan,518489,2021,34,13,12,50,45,12,9,1,0,2,9,4,18,8,0.267,0.422,0.32,0.742,0.319,R,197,68.5,95.1,2135,-6.3,-14.5,17.1,1
Bumgarner, Madison,518516,2021,32,26,146.1,613,553,134,75,33,2,24,124,39,20.2,6.4,0.242,0.439,0.3,0.74,0.315,L,2290,32.7,90.4,2312,8.5,-18.2,17.7,1.4
Cishek, Steve,518553,2021,35,74,68.1,308,256,61,45,14,0,2,64,41,20.8,13.3,0.238,0.316,0.351,0.667,0.299,R,1234,16.7,89.7,2386,-10.3,-23,15.3,1.4
Diekman, Jake,518617,2021,34,67,60.2,262,223,47,29,6,2,10,83,34,31.7,13,0.211,0.39,0.324,0.715,0.312,L,1118,56.4,95.3,2224,14.3,-16.6,19.8,1.3
Duffy, Danny,518633,2021,33,13,61,252,230,52,36,8,2,6,65,22,25.8,8.7,0.226,0.357,0.294,0.65,0.284,L,1009,43.4,93.7,2272,5.3,-11.9,20.1,1.5
Harvey, Matt,518774,2021,32,28,127.2,582,536,160,104,33,4,19,95,37,16.3,6.4,0.299,0.481,0.347,0.828,0.355,R,2232,34.1,93.4,2157,-12.3,-17,19.2,1.5
Holland, Greg,518813,2021,36,57,55.2,243,214,49,30,9,1,9,53,26,21.8,10.7,0.229,0.407,0.313,0.719,0.31,R,997,40.3,92.8,2236,-0.2,-14.2,17.7,1.7
Jones, Nate,518858,2021,35,20,19,87,73,16,7,2,0,7,14,12,16.1,13.8,0.219,0.534,0.333,0.868,0.349,R,309,26.2,95.5,2407,-6.4,-12.8,18.3,1
Kelly, Merrill,518876,2021,33,27,158,667,612,163,107,31,4,21,130,41,19.5,6.1,0.266,0.433,0.312,0.745,0.319,R,2425,32.3,91.7,2358,-7.2,-16.9,17.4,1.5
Kimbrel, Craig,518886,2021,33,63,59.2,235,206,31,19,5,1,6,100,23,42.6,9.8,0.15,0.272,0.243,0.514,0.23,R,986,59.3,96.5,2301,-10.3,-14.8,18,1.2
McFarland, T.J.,519008,2021,32,38,38.2,144,135,32,21,7,1,3,21,9,14.6,6.3,0.237,0.37,0.285,0.655,0.282,L,512,,,,,,,
Moore, Matt,519043,2021,32,24,73,334,285,78,41,22,0,15,63,38,18.9,11.4,0.274,0.509,0.353,0.862,0.368,L,1254,56.9,92.4,2279,12.8,-16.9,20.1,1.3
Nelson, Jimmy,519076,2021,32,28,29,116,98,14,10,4,0,0,44,13,37.9,11.2,0.143,0.184,0.267,0.451,0.223,R,523,33.1,93.8,2613,-2.7,-13.7,17.6,1.3
Pomeranz, Drew,519141,2021,33,27,25.2,102,90,19,13,3,1,2,30,10,29.4,9.8,0.211,0.333,0.284,0.618,0.267,L,430,75.3,93.9,2507,2.3,-12.3,19.1,1.1
Pressly, Ryan,519151,2021,33,64,64,250,236,49,36,9,0,4,81,13,32.4,5.2,0.208,0.297,0.248,0.545,0.238,R,956,39.5,95.4,2561,-1,-12.9,17.3,1.3
Sale, Chris,519242,2021,32,9,42.2,183,167,45,33,5,1,6,52,12,28.4,6.6,0.269,0.419,0.333,0.752,0.326,L,736,47.8,93.6,2288,13.2,-19.3,18,2
Smith, Will,519293,2021,32,71,68,283,248,49,22,14,2,11,87,28,30.7,9.9,0.198,0.403,0.29,0.693,0.297,L,1079,47.3,92.8,2240,7.1,-14.5,18.9,1.2
Strickland, Hunter,519326,2021,33,57,58.2,242,216,46,26,12,0,8,58,22,24,9.1,0.213,0.38,0.289,0.669,0.292,R,981,51.3,94.9,2365,-3.4,-16.5,14.5,1.3
Workman, Brandon,519443,2021,33,29,28,136,115,36,25,6,1,4,25,21,18.4,15.4,0.313,0.487,0.419,0.906,0.389,R,515,35.3,91.1,2050,-4,-15.3,18.2,1.4
Hendriks, Liam,521230,2021,32,69,71,267,258,45,30,4,0,11,113,7,42.3,2.6,0.174,0.318,0.199,0.516,0.22,R,1104,68.9,97.7,2395,-6.8,-10.2,19.8,1.2
Kelly, Joe,523260,2021,33,48,44,182,161,28,17,7,1,3,50,15,27.5,8.2,0.174,0.286,0.258,0.544,0.242,R,712,6.9,97.5,2128,-11.1,-17.7,15.7,1.5
Perez, Martin,527048,2021,30,36,114,509,459,136,91,24,2,19,97,36,19.1,7.1,0.296,0.481,0.356,0.837,0.358,L,1860,12.9,93.4,2108,11.1,-15.8,19.3,1.4
Castellanos, Humberto,528748,2021,23,14,45.2,196,173,48,31,9,1,7,29,15,14.8,7.7,0.277,0.462,0.332,0.794,0.347,R,726,22.2,90.4,2074,-5.8,-21.2,13.7,1.4
Shoemaker, Matt,533167,2021,35,16,60.1,284,246,73,44,14,0,15,40,27,14.1,9.5,0.297,0.537,0.363,0.899,0.38,R,1064,24.4,91.6,2228,-8.9,-16,18.9,1.5
Ramirez, Erasmo,541640,2021,31,17,26.2,109,101,24,16,3,1,4,20,5,18.3,4.6,0.238,0.406,0.275,0.681,0.29,R,392,6.1,93,2181,-7.8,-16.5,17.1,1.3
Cisnero, Jose,542585,2021,32,67,61.2,265,226,51,36,9,0,6,62,31,23.4,11.7,0.226,0.345,0.325,0.67,0.3,R,1067,40.6,96.7,2415,-10.5,-14.3,18.4,1.3
Anderson, Tyler,542881,2021,32,31,167,703,648,170,107,30,6,27,134,38,19.1,5.4,0.262,0.452,0.297,0.749,0.319,L,2601,36.4,90.6,2294,8.9,-15.1,20.5,1.6
Andriese, Matt,542882,2021,32,34,48.1,222,201,65,48,8,2,7,50,13,22.5,5.9,0.323,0.488,0.369,0.857,0.367,R,855,43.9,92,2341,-6.9,-15,18.9,1.2
Armstrong, Shawn,542888,2021,31,31,36,165,147,39,21,7,1,10,44,15,26.7,9.1,0.265,0.531,0.339,0.87,0.367,R,685,55.3,93.9,2460,-3.6,-14.9,16.8,1.2
Bass, Anthony,542914,2021,34,70,61.1,260,228,55,36,7,1,11,58,24,22.3,9.2,0.241,0.425,0.315,0.741,0.312,R,959,7.3,95.4,1976,-5.9,-13.3,17.9,1.1
Bleier, Richard,542947,2021,34,68,58,225,212,51,39,8,0,4,44,6,19.6,2.7,0.241,0.335,0.267,0.602,0.256,L,685,1,90.5,2059,12.5,-22.9,16.4,1.5
Brach, Brad,542960,2021,35,35,30,139,118,30,17,8,0,5,33,18,23.7,12.9,0.254,0.449,0.353,0.802,0.343,R,579,47.3,93.5,2178,-8.9,-16.8,17.1,1.1
Chatwood, Tyler,543022,2021,32,32,32,145,120,26,18,6,0,2,38,21,26.2,14.5,0.217,0.317,0.352,0.668,0.308,R,591,8,95.8,2387,-3.8,-14.9,15.6,1.4
Cole, Gerrit,543037,2021,31,30,181.1,726,677,151,99,27,1,24,243,41,33.5,5.6,0.223,0.372,0.267,0.639,0.276,R,2969,47.1,97.7,2452,-12,-10.9,21.7,1.4
Conley, Adam,543045,2021,31,17,19.2,76,66,14,9,2,1,2,16,6,21.1,7.9,0.212,0.364,0.289,0.653,0.284,L,296,54.1,95.7,2340,14.4,-16,20.4,1.3
Coulombe, Danny,543056,2021,32,29,34.1,139,131,35,22,8,0,5,33,7,23.7,5,0.267,0.443,0.302,0.745,0.317,L,529,26.3,90.4,2247,4.5,-18.2,15.8,1.1
DeSclafani, Anthony,543101,2021,31,31,167.2,676,626,141,98,22,2,19,152,42,22.5,6.2,0.225,0.358,0.274,0.631,0.276,R,2558,27.1,94.1,2265,-9.6,-14.6,19,1.3
Eovaldi, Nathan,543135,2021,31,32,182.1,764,719,182,109,54,4,15,195,35,25.5,4.6,0.253,0.402,0.293,0.695,0.298,R,2927,42.3,96.8,2113,-12.2,-14.9,18.9,1.4
Gray, Sonny,543243,2021,32,26,135.1,575,512,115,76,15,5,19,155,50,27,8.7,0.225,0.385,0.301,0.686,0.3,R,2224,23.8,92.3,2423,-1.8,-16.6,15.6,1.2
Hand, Brad,543272,2021,31,68,64.2,278,238,56,35,10,2,9,61,26,21.9,9.4,0.235,0.408,0.317,0.724,0.31,L,1076,40.3,92.9,2381,11.9,-16.7,19.4,1.2
Hendricks, Kyle,543294,2021,32,32,181,785,719,200,121,43,5,31,131,44,16.7,5.6,0.278,0.481,0.327,0.809,0.345,R,2809,17.8,87.3,1940,-6.9,-20.4,17,1.7
Hudson, Daniel,543339,2021,34,54,51.2,210,190,40,19,13,0,8,75,16,35.7,7.6,0.211,0.405,0.267,0.672,0.284,R,865,68.2,97,2313,-10.3,-12.7,19.6,1
Jackson, Jay,543351,2021,34,23,21.2,90,76,15,8,3,1,3,28,12,31.1,13.3,0.197,0.382,0.3,0.682,0.299,R,391,34.5,94.8,2284,-7.5,-13.8,18.4,1.1
Lyles, Jordan,543475,2021,31,32,180,769,697,194,119,34,3,38,146,56,19,7.3,0.278,0.499,0.334,0.833,0.354,R,2964,39.5,93,2278,-7,-13.6,19.5,1.1
May, Trevor,543507,2021,32,68,62.2,266,242,55,36,6,3,10,83,24,31.2,9,0.227,0.401,0.297,0.698,0.297,R,1117,60.3,96.5,2369,-6.2,-11.6,18.9,1.1
McHugh, Collin,543521,2021,34,37,64,247,232,48,37,6,2,3,74,12,30,4.9,0.207,0.289,0.251,0.54,0.236,R,972,10.9,90.6,2267,-8.4,-16.1,19.5,1.2
Milone, Tommy,543548,2021,34,6,14,65,62,20,11,5,1,3,17,3,26.2,4.6,0.323,0.581,0.354,0.934,0.393,L,241,31.1,84.2,2106,7.8,-19.3,21,1
Nolin, Sean,543594,2021,32,10,26.2,123,106,32,21,5,2,4,20,13,16.3,10.6,0.302,0.5,0.382,0.882,0.379,L,497,45.9,90.7,2087,8.3,-16.7,18.5,1.2
Odorizzi, Jake,543606,2021,31,24,104.2,441,399,97,58,20,3,16,91,34,20.6,7.7,0.243,0.429,0.304,0.732,0.316,R,1847,55.2,92.2,2113,-11.3,-15.6,20.2,1.1
Shaw, Bryan,543766,2021,34,81,77.1,334,294,69,45,13,1,10,71,38,21.3,11.4,0.235,0.388,0.323,0.711,0.313,R,1365,1.3,94.7,2152,-11.2,-21.7,14.5,1.5
Familia, Jeurys,544727,2021,32,65,59.1,262,230,57,34,13,0,10,72,27,27.5,10.3,0.248,0.435,0.328,0.763,0.33,R,1017,14.5,97.2,2382,-10.6,-15.3,17.4,1.4
Strasburg, Stephen,544931,2021,33,5,21.2,95,80,16,9,3,0,4,21,14,22.1,14.7,0.2,0.388,0.326,0.714,0.308,R,362,29.6,91.9,2079,-7.5,-16.6,17.7,1.5
Bauer, Trevor,545333,2021,30,17,107.2,432,390,71,36,14,2,19,137,37,31.7,8.6,0.182,0.374,0.257,0.631,0.274,R,1787,40.5,93.9,2783,-9.9,-11.2,22.6,1.7
Head, Louis,545343,2021,31,27,35,134,120,21,16,3,0,2,32,9,23.9,6.7,0.175,0.25,0.246,0.496,0.225,R,546,52.4,93.7,2254,-6,-14.4,18,1
Poteet, Cody,547001,2021,27,7,30.2,132,116,25,11,7,0,7,32,16,24.2,12.1,0.216,0.457,0.311,0.768,0.329,R,549,48.8,93.6,2422,-7.3,-15.2,17.7,1.5
Lorenzen, Michael,547179,2021,29,27,29,125,108,26,19,5,0,2,21,14,16.8,11.2,0.241,0.343,0.328,0.671,0.301,R,481,26.4,96.7,2409,-10,-13.8,18.5,1.1
Kim, Kwang Hyun,547942,2021,33,27,106.2,452,405,98,70,15,1,12,80,39,17.7,8.6,0.242,0.373,0.312,0.685,0.3,L,1784,41,89.1,2132,0.7,-18.7,15.8,1.5
Ryu, Hyun Jin,547943,2021,34,31,169,701,658,170,105,38,3,24,143,37,20.4,5.3,0.258,0.435,0.298,0.733,0.313,L,2689,35.9,90,1944,12,-20.9,17.9,1.7
Chapman, Aroldis,547973,2021,33,61,56.1,243,198,36,19,8,0,9,97,38,39.9,15.6,0.182,0.359,0.317,0.675,0.3,L,1004,56.7,98.3,2373,4.1,-10.4,18.7,1.9
Raley, Brooks,548384,2021,33,58,49,205,185,43,31,6,0,6,65,16,31.7,7.8,0.232,0.362,0.302,0.665,0.294,L,865,7.3,90.9,2430,7,-18.1,16.8,1.3
Stripling, Ross,548389,2021,32,24,101.1,431,395,99,53,21,2,23,94,30,21.8,7,0.251,0.489,0.304,0.793,0.335,R,1686,50.9,91.9,2178,-4.4,-14.1,19,1.7
Kittredge, Andrew,552640,2021,31,57,71.2,282,262,55,37,11,0,7,77,15,27.3,5.3,0.21,0.332,0.259,0.591,0.251,R,982,10.6,94.6,2552,0.3,-17.4,13.3,1.3
Garcia, Yimi,554340,2021,31,62,57.2,237,213,49,29,10,2,8,60,18,25.3,7.6,0.23,0.408,0.287,0.695,0.29,R,943,39.3,96,2531,-6.7,-17.2,14.4,1.5
Wheeler, Zack,554430,2021,31,32,213.1,849,785,169,121,29,3,16,247,46,29.1,5.4,0.215,0.321,0.263,0.584,0.257,R,3205,42.4,97.2,2388,-7.6,-13.1,17.8,1.1
Matzek, Tyler,554431,2021,31,69,63,264,220,40,25,12,0,3,77,37,29.2,14,0.182,0.277,0.299,0.577,0.261,L,1065,70.7,96,2435,4.9,-11.7,18.7,1.4
Rodriguez, Joely,570257,2021,30,52,46.1,207,180,53,44,5,0,4,47,18,22.7,8.7,0.294,0.389,0.343,0.732,0.32,L,761,17.6,94,2062,12.7,-19.6,17.3,1.1
Valdez, Phillips,570488,2021,30,28,40,177,147,35,26,5,0,4,35,19,19.8,10.7,0.238,0.354,0.345,0.698,0.312,R,684,0.6,92.7,2249,-13.8,-25.7,15.3,1.5
Urena, Jose,570632,2021,30,26,100.2,456,408,119,74,29,2,14,67,42,14.7,9.2,0.292,0.475,0.362,0.837,0.36,R,1695,16.4,94.2,2106,-9,-16.9,16.8,1.2
Robles, Hansel,570663,2021,31,72,69,297,254,58,32,17,1,8,76,37,25.6,12.5,0.228,0.398,0.337,0.734,0.321,R,1185,55.2,96.7,2287,-12,-12.9,20.3,1.4
Cessa, Luis,570666,2021,29,53,64.2,261,240,55,39,10,1,5,54,19,20.7,7.3,0.229,0.342,0.284,0.625,0.277,R,949,21.1,93.8,2231,-6.4,-15.9,16.7,1.2
Boyd, Matthew,571510,2021,30,15,78.2,337,302,77,53,14,1,9,67,23,19.9,6.8,0.255,0.397,0.318,0.715,0.311,L,1273,42,92,2333,10.7,-17.2,18.7,1.3
Brothers, Rex,571521,2021,34,57,53,236,193,41,23,9,0,9,75,35,31.8,14.8,0.212,0.399,0.347,0.746,0.327,L,998,65.5,94.5,2107,8.6,-13.7,19.1,1.4
Corbin, Patrick,571578,2021,32,31,171.2,751,672,192,119,32,4,37,143,60,19,8,0.286,0.51,0.34,0.85,0.362,L,2750,27.9,92.3,2149,8,-17.1,17.3,1.7
Farmer, Buck,571656,2021,30,36,35.1,171,144,40,26,5,0,9,37,21,21.6,12.3,0.278,0.5,0.386,0.886,0.38,R,726,47.7,94,2284,-11.8,-15.4,19.6,1
Floro, Dylan,571670,2021,31,68,64,270,244,53,40,11,0,2,62,25,23,9.3,0.217,0.287,0.289,0.576,0.255,R,1076,30.5,93.8,2233,-9.8,-16,18.3,1.3
Frankoff, Seth,571676,2021,33,4,14.2,74,60,20,13,3,0,4,11,9,14.9,12.2,0.333,0.583,0.419,1.002,0.434,R,260,39.6,91.3,2411,-8.8,-17.9,17.4,1.1
Givens, Mychal,571710,2021,31,54,51,216,184,43,24,12,0,7,54,27,25,12.5,0.234,0.413,0.333,0.746,0.318,R,873,46.7,94.7,2527,-8.8,-18,15.3,1.7
Hale, David,571735,2021,34,17,26.2,116,106,30,18,7,0,5,21,9,18.1,7.8,0.283,0.491,0.345,0.835,0.355,R,461,46.9,92.8,2225,-9.3,-18.5,16.3,1.2
Heaney, Andrew,571760,2021,30,30,129.2,558,507,130,72,28,1,29,150,41,26.9,7.3,0.256,0.487,0.317,0.804,0.341,L,2253,59.4,92,2443,15.3,-17.4,21.7,1.4
Hutchison, Drew,571800,2021,31,9,21.1,91,77,20,16,3,0,1,10,11,11,12.1,0.26,0.338,0.341,0.678,0.305,R,339,51.9,92.5,2147,-4.1,-16.3,16.5,1.3
Krol, Ian,571871,2021,30,18,18.2,86,76,23,17,1,3,2,18,8,20.9,9.3,0.303,0.474,0.36,0.834,0.358,L,349,18.9,93.7,2381,8.8,-14.6,18.9,1.1
Law, Derek,571882,2021,31,9,15,67,58,16,10,3,1,2,14,8,20.9,11.9,0.276,0.466,0.358,0.824,0.353,R,292,22.6,93.7,2128,-4.4,-14.5,17.5,1.6
Loup, Aaron,571901,2021,34,65,56.2,218,193,37,31,4,1,1,57,16,26.1,7.3,0.192,0.238,0.261,0.5,0.229,L,833,,,,,,,
Matz, Steven,571927,2021,30,29,150.2,647,597,158,113,24,3,18,144,43,22.3,6.6,0.265,0.405,0.32,0.725,0.315,L,2557,,,,,,,
Mikolas, Miles,571945,2021,33,9,44.2,186,170,43,29,8,0,6,31,11,16.7,5.9,0.253,0.406,0.301,0.707,0.307,R,708,26.6,93.2,2300,-4.1,-17.9,14.3,1.5
Miller, Shelby,571946,2021,31,13,12.2,62,49,16,11,1,1,3,8,11,12.9,17.7,0.327,0.571,0.452,1.023,0.433,R,273,63.4,93.5,2363,-7.7,-12.7,20.2,1.1
Milner, Hoby,571948,2021,30,19,21.2,99,93,30,19,3,0,8,30,3,30.3,3,0.323,0.613,0.354,0.966,0.408,L,393,,,,,,,
Richards, Garrett,572070,2021,33,40,136.2,617,547,158,101,35,3,19,115,60,18.6,9.7,0.289,0.468,0.361,0.829,0.356,R,2329,53.1,94.3,2468,1.3,-22,9.1,1.4
Selman, Sam,572125,2021,31,25,25,110,90,20,14,3,0,3,19,12,17.3,10.9,0.222,0.356,0.336,0.692,0.305,L,494,55.3,90.9,2346,4.5,-17.7,16,1.2
Smith, Burch,572143,2021,31,31,43.1,188,175,49,31,13,0,5,28,11,14.9,5.9,0.28,0.44,0.324,0.764,0.328,R,678,68.9,93.4,2277,-7,-14.4,18.6,1.6
Tepera, Ryan,572193,2021,34,65,61.1,240,213,35,22,7,2,4,74,19,30.8,7.9,0.164,0.272,0.242,0.514,0.23,R,948,33.2,93.3,2243,-7.9,-14.6,18.8,1.1
Greene, Shane,572888,2021,33,28,23.2,113,95,25,15,3,1,6,24,14,21.2,12.4,0.263,0.505,0.381,0.886,0.381,R,468,1.1,93.3,2255,-8.2,-17.5,16.1,1.5
Johnson, Pierce,572955,2021,30,63,58.2,244,214,47,27,14,0,6,77,27,31.6,11.1,0.22,0.369,0.307,0.677,0.292,R,1045,32.5,95.5,2231,-11.2,-13.9,19.8,1.1
Keuchel, Dallas,572971,2021,33,32,162,720,652,189,125,34,5,25,95,59,13.2,8.2,0.29,0.472,0.354,0.827,0.356,L,2726,2.2,89,2207,5.2,-19.8,15.6,1.2
Mantiply, Joe,573009,2021,30,57,39.2,177,154,45,28,11,5,1,38,17,21.5,9.6,0.292,0.448,0.356,0.804,0.338,L,621,7.2,91.4,2250,12.6,-20.9,17.5,1.3
Rogers, Taylor,573124,2021,31,40,40.1,166,154,38,27,7,0,4,59,8,35.5,4.8,0.247,0.37,0.277,0.647,0.275,L,642,,,,,,,
Stroman, Marcus,573186,2021,30,33,179,730,665,161,118,23,3,17,158,44,21.6,6,0.242,0.362,0.29,0.653,0.284,R,2741,2.6,92.4,2427,-3.8,-19.1,13.6,1.4
Thielbar, Caleb,573204,2021,34,59,64,266,237,55,31,16,0,8,77,20,28.9,7.5,0.232,0.401,0.293,0.694,0.3,L,1105,49,91.3,2309,2.7,-13.5,19.6,1.7
Minaya, Juan,573668,2021,31,29,40,167,143,27,15,8,0,4,43,20,25.7,12,0.189,0.329,0.293,0.622,0.28,R,659,51.4,95.2,2236,-10.9,-16.2,17.8,1.1
Kikuchi, Yusei,579328,2021,30,29,157,666,597,145,88,28,2,27,163,62,24.5,9.3,0.243,0.432,0.318,0.75,0.325,L,2561,35.6,95.1,2213,10.2,-14,19.4,1.5
Adam, Jason,592094,2021,30,12,10.2,50,41,10,5,4,0,1,19,6,38,12,0.244,0.415,0.38,0.795,0.354,R,218,57.3,93.8,2605,-7,-14.4,18.3,1.4
Bedrosian, Cam,592135,2021,30,26,25,116,97,27,19,2,0,6,23,17,19.8,14.7,0.278,0.485,0.379,0.864,0.371,R,468,50.2,92.9,2261,-4,-13,19.3,1.1
Biddle, Jesse,592145,2021,30,8,10.2,51,38,10,8,1,0,1,11,8,21.6,15.7,0.263,0.368,0.392,0.761,0.345,L,186,45.7,93,2607,5.5,-16.3,16.4,1.2
Brice, Austin,592169,2021,29,13,13.2,64,53,14,8,4,0,2,12,7,18.8,10.9,0.264,0.453,0.391,0.843,0.371,R,274,44.5,92.6,2244,-17.7,-25.6,18.9,1.2
Claudio, Alex,592222,2021,29,41,32.2,148,133,37,21,10,0,6,30,15,20.3,10.1,0.278,0.489,0.351,0.84,0.358,L,587,14.1,85.4,1964,15.5,-31.8,16.7,2.4
Crichton, Stefan,592233,2021,29,31,23.1,117,99,33,23,7,0,3,17,12,14.5,10.3,0.333,0.495,0.419,0.914,0.386,R,403,0.7,89.9,1855,-10,-23.1,15,1.5
De Leon, Jose,592254,2021,29,9,18.1,91,76,22,13,5,0,4,33,11,36.3,12.1,0.289,0.513,0.385,0.898,0.381,R,347,,,,,,,
Emanuel, Kent,592288,2021,29,10,17.2,68,63,12,8,0,0,4,13,4,19.1,5.9,0.19,0.381,0.25,0.631,0.273,L,240,,,,,,,
Foltynewicz, Mike,592314,2021,30,28,139,586,535,139,68,34,2,35,97,36,16.6,6.1,0.26,0.527,0.314,0.841,0.355,R,2235,29.4,93.8,2155,-10.5,-15.8,18.7,1.5
Gausman, Kevin,592332,2021,30,33,192,775,715,150,97,29,4,20,227,50,29.3,6.5,0.21,0.345,0.263,0.609,0.265,R,3002,52.7,94.6,2283,-10.4,-14.2,19.5,1.7
Gonzalez, Chi Chi,592346,2021,29,24,101.2,448,409,127,72,35,2,18,56,28,12.5,6.3,0.311,0.538,0.359,0.897,0.381,R,1635,46.4,91.9,2337,-2.8,-20.6,12,1.3
Gray, Jon,592351,2021,30,29,149,644,572,140,87,27,5,21,157,58,24.4,9,0.245,0.42,0.32,0.739,0.32,R,2537,47.6,94.9,2152,-12.9,-19.2,17.1,1.3
Hembree, Heath,592390,2021,32,60,58,243,217,45,23,10,0,12,83,24,34.2,9.9,0.207,0.419,0.292,0.712,0.306,R,1090,52.3,95.3,2452,-9.5,-12.5,20.2,1.4
Jackson, Luke,592426,2021,30,71,63.2,261,227,45,30,9,0,6,70,29,26.8,11.1,0.198,0.317,0.291,0.608,0.27,R,1055,35.6,95.8,2208,-7.2,-12.3,19.1,1
Kolarek, Adam,592473,2021,32,12,9,51,44,15,11,2,0,2,4,5,7.8,9.8,0.341,0.523,0.412,0.934,0.407,L,190,1.1,88.7,1834,13.6,-23.3,18,1.4
Osich, Josh,592612,2021,33,17,14.1,60,55,15,10,1,0,4,9,5,15,8.3,0.273,0.509,0.333,0.842,0.359,L,231,3.5,93.8,2304,5,-20.2,11.8,1.3
Plutko, Adam,592644,2021,30,38,56.1,255,220,65,31,15,2,17,44,27,17.3,10.6,0.295,0.614,0.373,0.986,0.408,R,1014,49.9,91.6,2250,-4.4,-13.8,19.5,1.1
Ray, Robbie,592662,2021,30,32,193.1,773,714,150,83,31,3,33,248,52,32.1,6.7,0.21,0.401,0.266,0.667,0.287,L,3141,59.4,94.8,2272,8.2,-13.5,19.1,1.4
Sampson, Adrian,592716,2021,30,10,35.1,145,130,30,16,6,0,8,28,8,19.3,5.5,0.231,0.462,0.303,0.765,0.329,R,554,3.4,91.9,2018,-7.3,-17.1,17.1,1.5
Sanchez, Aaron,592717,2021,29,9,35.1,156,137,32,24,5,1,2,26,15,16.7,9.6,0.234,0.328,0.327,0.655,0.296,R,595,19.2,90,2011,-9.6,-20.1,16.7,1.7
Shreve, Chasen,592741,2021,31,57,56.1,235,203,43,24,12,0,7,45,28,19.1,11.9,0.212,0.374,0.306,0.681,0.298,L,935,40.2,91.6,2316,9.3,-15.5,19.6,1
Smith, Caleb,592761,2021,30,45,113.2,500,429,93,54,19,0,20,124,63,24.8,12.6,0.217,0.401,0.324,0.725,0.317,L,2067,48.1,91.4,2420,11.5,-14.9,21.5,1.3
Smyly, Drew,592767,2021,32,29,126.2,546,494,133,83,23,0,27,117,41,21.4,7.5,0.269,0.48,0.322,0.802,0.342,L,2138,46.7,92.1,2088,6.8,-14.1,19.5,1.2
Stanek, Ryne,592773,2021,30,72,68.1,290,247,46,31,7,0,8,83,37,28.6,12.8,0.186,0.312,0.303,0.615,0.276,R,1166,59.7,97.6,2231,-10.2,-12.4,19.5,1.1
Taillon, Jameson,592791,2021,30,29,144.1,603,547,130,78,27,1,24,140,44,23.2,7.3,0.238,0.422,0.299,0.721,0.309,R,2372,49.4,93.9,2419,-3.4,-13.2,18.3,1.1
Velasquez, Vince,592826,2021,29,25,94.1,417,362,91,42,22,4,23,101,49,24.2,11.8,0.251,0.525,0.345,0.87,0.368,R,1750,49.9,93.2,2370,-3.6,-13.2,18.8,1.2
Wade, Konner,592831,2021,30,7,12.1,64,59,23,16,4,0,3,11,5,17.2,7.8,0.39,0.61,0.438,1.048,0.442,R,248,,,,,,,
Walker, Taijuan,592836,2021,29,30,159,654,590,133,82,25,0,26,146,55,22.3,8.4,0.225,0.4,0.294,0.694,0.301,R,2547,35.4,94.5,2094,-9.4,-13.5,19.8,1.5
Wick, Rowan,592858,2021,29,22,23,100,83,17,15,1,0,1,29,14,29,14,0.205,0.253,0.32,0.573,0.271,R,400,62.3,94.5,2282,-1.9,-13.5,17.4,1.4
Williams, Taylor,592865,2021,30,11,11.2,55,44,12,8,3,0,1,9,8,16.4,14.5,0.273,0.409,0.4,0.809,0.359,R,219,31.5,93.7,2352,-8,-20.3,13.7,1.1
Williams, Trevor,592866,2021,29,23,91,405,366,105,66,25,3,11,90,31,22.2,7.7,0.287,0.462,0.343,0.805,0.348,R,1537,48.3,91.5,2221,-3.9,-19.9,13.4,1.5
Feliz, Michael,593140,2021,28,21,20,90,83,26,18,4,0,4,22,7,24.4,7.8,0.313,0.506,0.367,0.873,0.374,R,370,58.1,93.8,2179,-3.4,-12.3,19.3,1.3
Rodriguez, Richard,593144,2021,31,64,64.1,251,239,50,29,11,2,8,42,10,16.7,4,0.209,0.372,0.247,0.619,0.264,R,944,86.1,93.1,2438,-13.4,-16.6,20.3,1.1
German, Domingo,593334,2021,29,22,98.1,410,380,89,53,16,3,17,98,27,23.9,6.6,0.234,0.426,0.288,0.714,0.306,R,1579,28.8,93.4,2482,-8.9,-15.6,18.3,1.4
Martinez, Carlos,593372,2021,30,16,82.1,363,313,77,50,17,2,8,57,36,15.7,9.9,0.246,0.39,0.342,0.731,0.321,R,1281,27.5,93.4,2052,-8.8,-19.2,15.1,1.8
Montas, Frankie,593423,2021,28,32,187,778,707,164,108,33,3,20,207,57,26.6,7.3,0.232,0.372,0.293,0.665,0.29,R,3028,29,96.4,2398,-7,-12,18.9,1.1
Neris, Hector,593576,2021,32,74,74.1,310,272,55,31,11,1,12,98,32,31.6,10.3,0.202,0.382,0.294,0.676,0.292,R,1243,36.9,94.1,2349,-9.5,-15,18.8,1.3
Tapia, Domingo,593619,2021,30,34,33.2,135,120,25,19,5,0,1,26,15,19.3,11.1,0.208,0.275,0.296,0.571,0.255,R,520,15,97.7,2326,-11.3,-13.4,19.1,1.3
Suero, Wander,593833,2021,30,45,42.2,190,169,45,24,10,0,11,44,15,23.2,7.9,0.266,0.521,0.337,0.858,0.361,R,761,0.5,91.1,2499,-5.9,-18.3,15.9,1.4
Rodriguez, Eduardo,593958,2021,28,32,157.2,675,622,172,111,41,1,19,185,47,27.4,7,0.277,0.437,0.327,0.765,0.33,L,2721,39.9,92.6,2177,7.3,-17.1,16.5,1.3
Peralta, Wandy,593974,2021,30,56,51,219,195,49,36,6,1,6,43,21,19.6,9.6,0.251,0.385,0.324,0.709,0.309,L,781,15.1,95.6,2207,10.7,-14.9,18.7,1.2
Guduan, Reymin,594056,2021,29,11,14.1,65,55,19,14,4,0,1,5,5,7.7,7.7,0.345,0.473,0.369,0.842,0.355,L,229,60.7,93.8,2302,3.5,-16.5,15.2,1.5
Gustave, Jandel,594311,2021,29,14,18.1,79,67,15,12,1,0,2,13,5,16.5,6.3,0.224,0.328,0.304,0.632,0.27,R,294,17.3,96.7,2389,-9,-15.6,16.3,1.2
Mayers, Mike,594577,2021,30,72,75,315,284,71,44,14,2,11,90,26,28.6,8.3,0.25,0.43,0.317,0.747,0.323,R,1236,37.9,94.5,2348,-11.4,-14.3,20.2,1.4
Dayton, Grant,594795,2021,34,13,13,61,53,15,8,4,1,2,14,6,23,9.8,0.283,0.509,0.344,0.854,0.351,L,250,64.4,91.5,2186,7.7,-14.8,19.6,1.1
deGrom, Jacob,594798,2021,33,15,92,324,310,40,19,13,2,6,146,11,45.1,3.4,0.129,0.242,0.16,0.402,0.174,R,1226,57.4,99.2,2418,-9.1,-11.4,18.8,1.3
Gonzales, Marco,594835,2021,29,25,143.1,585,535,125,61,33,2,29,108,42,18.5,7.2,0.234,0.465,0.294,0.759,0.321,L,2324,5.1,88.1,2134,7.8,-17.4,19.5,1.2
Ponce de Leon, Daniel,594965,2021,29,24,33.1,158,127,32,15,12,0,5,24,22,15.2,13.9,0.252,0.465,0.373,0.838,0.363,R,653,73.7,93,2281,-8.7,-13.3,20.5,1.6
Ryan, Kyle,594986,2021,30,13,13.1,62,54,17,9,5,0,3,8,6,12.9,9.7,0.315,0.574,0.371,0.945,0.393,L,225,26.2,88.7,1945,4.1,-23.4,12.5,1.3
Sadler, Casey,594987,2021,31,42,40.1,145,133,19,15,2,1,1,37,10,25.5,6.9,0.143,0.195,0.207,0.402,0.185,R,581,0.3,93.4,2396,-4.6,-17.3,14.9,1.5
Treinen, Blake,595014,2021,33,72,72.1,286,257,46,37,4,0,5,85,25,29.7,8.7,0.179,0.253,0.259,0.512,0.233,R,1095,7.5,97.7,2419,-11.4,-15.5,17.5,1.2
Eickhoff, Jerad,595191,2021,31,5,19.2,104,90,30,13,8,0,9,13,10,12.5,9.6,0.333,0.722,0.413,1.136,0.462,R,357,48.7,90,2057,-11.5,-18,19.7,1.1
Okert, Steven,595345,2021,30,34,36,142,120,22,11,6,0,5,40,15,28.2,10.6,0.183,0.358,0.289,0.647,0.281,L,601,30.8,92.2,2234,9.8,-18.1,17.3,1.3
Sherriff, Ryan,595411,2021,31,16,14.2,72,58,14,11,3,0,0,16,9,22.2,12.5,0.241,0.293,0.375,0.668,0.313,L,278,,,,,,,
Winkler, Dan,595465,2021,31,47,39.2,190,150,32,18,9,0,5,40,30,21.1,15.8,0.213,0.373,0.374,0.747,0.336,R,787,19.9,94,2551,-7.6,-13.7,19,1.3
Curtiss, John,595928,2021,28,41,44.1,187,172,42,27,8,1,6,44,12,23.5,6.4,0.244,0.407,0.294,0.701,0.303,R,703,49.8,94.9,2269,-6,-13.3,18.4,1.5
Ellis, Chris,595939,2021,29,7,29.1,121,105,21,14,4,0,3,23,14,19,11.6,0.2,0.324,0.306,0.63,0.284,R,482,48.1,93.8,2365,-10.7,-13.9,20.6,1.1
Junis, Jakob,596001,2021,29,16,39.1,168,154,43,29,7,0,7,41,12,24.4,7.1,0.279,0.461,0.327,0.788,0.336,R,627,34.9,90.8,2244,-5.8,-19.1,15.3,1.6
Maples, Dillon,596027,2021,29,28,31.1,139,104,15,10,3,0,2,40,25,28.8,18,0.144,0.231,0.345,0.576,0.285,R,565,33.1,95.1,2658,-4.2,-20.1,11.2,1.3
Morimando, Shawn,596049,2021,29,4,10.1,54,48,18,10,5,1,2,9,5,16.7,9.3,0.375,0.646,0.426,1.072,0.445,L,199,32.7,91.1,2347,8.7,-17.6,17.9,1.1
Norris, Daniel,596057,2021,28,56,57,248,215,55,36,10,0,9,58,30,23.4,12.1,0.256,0.428,0.351,0.779,0.34,L,988,47.5,92.7,2392,6.5,-15.4,17.7,1.4
Peters, Dillon,596071,2021,29,6,26.2,117,106,26,14,8,2,2,23,10,19.7,8.5,0.245,0.415,0.316,0.731,0.316,L,443,35,90.8,2256,3.7,-16.9,16.7,1.1
Stephenson, Robert,596112,2021,28,49,46,197,174,42,27,6,4,5,52,18,26.4,9.1,0.241,0.408,0.315,0.723,0.313,R,767,49.4,96.5,2521,-12.2,-14.1,19.7,1.3
Weaver, Luke,596133,2021,28,13,65.2,275,249,58,27,14,6,11,62,20,22.5,7.3,0.233,0.47,0.287,0.757,0.317,R,1109,61.9,93.6,2457,-7.4,-13.8,19.2,1.4
Gomber, Austin,596295,2021,28,23,115.1,488,440,102,60,21,1,20,113,41,23.2,8.4,0.232,0.42,0.299,0.72,0.309,L,1851,40.7,91.6,2028,5.9,-14.6,18.9,1.4
Barnes, Matt,598264,2021,31,60,54.2,222,199,41,27,6,0,8,84,20,37.8,9,0.206,0.357,0.284,0.641,0.278,R,919,49.8,95.8,2276,-10.9,-12.4,20.7,1.3
Ramirez, Nick,598286,2021,32,13,20.1,91,83,23,16,5,0,2,14,7,15.4,7.7,0.277,0.41,0.33,0.739,0.312,L,314,2.5,89.1,2086,10.9,-23.3,15.7,1.5
Ramirez, Noe,598287,2021,32,38,36,147,129,23,15,5,0,3,29,12,19.7,8.2,0.178,0.287,0.259,0.545,0.246,R,579,37.5,89.1,2210,-8.6,-22.5,14.8,1.2
Machado, Andres,600921,2021,28,40,35.2,154,133,30,19,6,1,4,30,15,19.5,9.7,0.226,0.376,0.325,0.701,0.307,R,627,55.7,94.9,2104,-4.2,-13.2,17.7,1.2
Pivetta, Nick,601713,2021,28,31,155,661,585,137,80,31,2,24,175,65,26.5,9.8,0.234,0.417,0.313,0.73,0.316,R,2745,51.8,94.8,2294,-5.1,-10.8,20.5,1.4
Barlow, Scott,605130,2021,29,71,74.1,306,274,61,40,17,0,4,91,28,29.7,9.2,0.223,0.328,0.297,0.626,0.275,R,1223,33.1,95.3,2306,-5.3,-15.8,15.3,1.4
Bassitt, Chris,605135,2021,32,27,157.1,637,583,127,82,29,1,15,159,39,25,6.1,0.218,0.348,0.278,0.626,0.274,R,2381,19.2,93.2,2170,-7.7,-16.9,16.6,1.4
Benjamin, Wes,605138,2021,28,13,22.2,112,94,29,19,4,0,6,19,17,17,15.2,0.309,0.543,0.411,0.953,0.406,L,461,43.6,91.3,2300,8.3,-13.4,21.2,1.5
Bradley, Archie,605151,2021,29,53,51,224,198,51,34,10,2,5,40,22,17.9,9.8,0.258,0.404,0.339,0.743,0.324,R,921,46.8,94,2128,-8.4,-14.7,18.5,1.4
Brebbia, John,605154,2021,31,18,18.1,87,79,25,14,7,0,4,22,4,25.3,4.6,0.316,0.557,0.356,0.913,0.379,R,332,49.4,92.9,2257,-10.1,-14.4,20.2,1.7
Bundy, Dylan,605164,2021,29,23,90.2,397,352,89,46,22,1,20,84,34,21.2,8.6,0.253,0.491,0.325,0.816,0.348,R,1524,34.3,90.7,2489,-5.2,-13.9,20.3,1.8
Chafin, Andrew,605177,2021,31,71,68.2,266,242,45,33,7,1,4,64,19,24.1,7.1,0.186,0.273,0.248,0.521,0.231,L,947,28.2,91.8,2138,8.4,-16.4,18.4,1.5
Cotton, Jharel,605194,2021,29,23,30.2,137,118,28,21,5,0,2,30,15,21.9,10.9,0.237,0.331,0.328,0.659,0.296,R,541,46.2,93.2,2297,-7.1,-11.3,21.5,1.4
Crick, Kyle,605195,2021,29,27,24.1,107,80,14,12,2,0,0,21,19,19.6,17.8,0.175,0.2,0.355,0.555,0.281,R,434,37.1,92.6,2305,-6.4,-18,15.4,1.1
Davies, Zach,605200,2021,28,32,148,668,577,162,95,41,1,25,114,75,17.1,11.2,0.281,0.485,0.362,0.848,0.366,R,2577,,,,,,,
Fulmer, Michael,605242,2021,28,52,69.2,297,270,69,51,10,1,7,73,20,24.6,6.7,0.256,0.378,0.316,0.694,0.301,R,1183,17.5,95.5,2201,-2.2,-13.7,16.6,1.3
Hess, David,605276,2021,28,15,20,102,88,32,15,7,0,10,18,11,17.6,10.8,0.364,0.784,0.431,1.215,0.491,R,367,58,94,2085,-5,-14.4,17.4,1.3
Holmes, Clay,605280,2021,28,69,70,292,257,53,43,5,0,5,78,29,26.7,9.9,0.206,0.284,0.295,0.579,0.262,R,1124,0.1,96,2343,-4.7,-16.1,14.5,
Houser, Adrian,605288,2021,28,28,142.1,599,518,118,86,18,2,12,105,64,17.5,10.7,0.228,0.34,0.319,0.659,0.297,R,2352,13.4,94.1,2177,-8.4,-15.4,17.7,1.1
Lopez, Jorge,605347,2021,28,33,121.2,555,485,142,92,28,1,21,112,56,20.2,10.1,0.293,0.485,0.375,0.859,0.369,R,2166,21.1,95.3,1977,-9.5,-15.1,18,1.4
Marshall, Evan,605359,2021,31,27,27.1,113,101,28,15,7,1,5,26,9,23,8,0.277,0.515,0.327,0.842,0.351,R,435,24.1,93.1,2442,-11.1,-16.9,18.5,1.3
Morgan, Adam,605388,2021,31,34,25.1,108,93,22,10,5,1,6,28,12,25.9,11.1,0.237,0.505,0.324,0.829,0.348,L,442,14,93,2300,11.2,-18.4,17.4,1.4
Musgrove, Joe,605397,2021,29,32,181.1,748,667,142,89,27,4,22,203,54,27.1,7.2,0.213,0.364,0.286,0.65,0.284,R,2938,19.7,93.3,2596,-5.2,-18.6,14,1.2
Nola, Aaron,605400,2021,28,32,180.2,749,696,165,105,29,5,26,223,39,29.8,5.2,0.237,0.405,0.284,0.69,0.297,R,2971,37.7,92.9,2198,-13.3,-17.6,19.5,1.4
Rios, Yacksel,605441,2021,28,23,27.1,114,95,18,9,4,2,3,23,16,20.2,14,0.189,0.368,0.316,0.684,0.303,R,458,29.5,96.9,2053,-8.4,-12.9,18.4,1.3
Romano, Jordan,605447,2021,28,62,63,253,226,41,26,8,0,7,85,25,33.6,9.9,0.181,0.31,0.265,0.575,0.257,R,1031,62.3,97.6,2390,-5.3,-10.7,19.1,1.5
Ross, Joe,605452,2021,28,20,108,460,413,98,64,17,0,17,109,34,23.7,7.4,0.237,0.402,0.304,0.706,0.305,R,1700,16,93.6,2128,-5.6,-16.7,15.7,1.4
Snell, Blake,605483,2021,29,27,128.2,550,472,101,58,26,1,16,170,69,30.9,12.5,0.214,0.375,0.315,0.69,0.305,L,2347,52.5,95.1,2399,5.7,-11.6,19.8,1.3
Springs, Jeffrey,605488,2021,29,43,44.2,179,162,35,18,6,2,9,63,14,35.2,7.8,0.216,0.444,0.274,0.718,0.302,L,751,41.9,93.4,2284,10.9,-13.5,21.2,1
Thompson, Zach,605507,2021,28,26,75,315,278,63,36,19,2,6,66,28,21,8.9,0.227,0.374,0.298,0.673,0.293,R,1194,27.3,92.2,2407,-2.5,-17.2,15.4,1.4
Turnbull, Spencer,605513,2021,29,9,50,201,182,37,27,7,1,2,44,12,21.9,6,0.203,0.286,0.269,0.554,0.25,R,775,35.6,93.9,2497,-2.8,-18.4,13,1.4
Warren, Art,605521,2021,28,26,21,82,72,11,7,3,0,1,34,8,41.5,9.8,0.153,0.236,0.244,0.48,0.218,R,338,40.5,95.2,2193,-6.9,-14.3,17.4,1.4
Wendelken, J.B.,605525,2021,28,46,43.2,194,172,44,32,8,0,4,39,22,20.1,11.3,0.256,0.372,0.34,0.712,0.31,R,749,50.5,94.3,2400,-2.8,-16.4,14.8,1.4
Wisler, Matt,605538,2021,29,48,48.2,195,180,41,24,9,2,6,62,11,31.8,5.6,0.228,0.4,0.272,0.672,0.284,R,787,9.1,91.5,2110,-9.2,-15.1,20,1.2
Woodruff, Brandon,605540,2021,28,30,179.1,708,650,130,93,16,3,18,211,43,29.8,6.1,0.2,0.317,0.254,0.571,0.252,R,2810,33.7,96.5,2356,-6.3,-12.7,17.9,1.2
Wright Jr., Mike,605541,2021,31,13,18,81,67,17,11,5,0,1,11,11,13.6,13.6,0.254,0.373,0.37,0.744,0.333,R,325,38.5,91.9,2223,-5.3,-17,16.4,1.8
Gallegos, Giovanny,606149,2021,30,73,80.1,310,278,51,31,13,1,6,95,20,30.6,6.5,0.183,0.302,0.248,0.551,0.24,R,1236,52.8,94.4,2350,-9.1,-13.3,19.9,1.1
Montero, Rafael,606160,2021,31,44,49.1,225,199,59,42,13,0,4,42,17,18.7,7.6,0.296,0.422,0.36,0.782,0.34,R,872,35.7,95.7,2262,-9,-15.6,17,1.3
Payamps, Joel,606303,2021,27,37,50.1,205,190,44,28,10,0,6,38,14,18.5,6.8,0.232,0.379,0.288,0.667,0.286,R,826,40.9,94.8,2433,-9.1,-14,18.8,1.3
Garcia, Jarlin,606424,2021,28,58,68.2,269,245,48,21,18,0,9,68,18,25.3,6.7,0.196,0.38,0.253,0.632,0.269,L,1002,50,93.1,2215,15.6,-18.6,20.4,1.2
Barnes, Jacob,606930,2021,31,29,28.2,128,115,31,18,6,0,7,33,11,25.8,8.6,0.27,0.504,0.336,0.84,0.359,R,570,54.9,94.7,2394,-2.8,-11.9,19,1.6
Rodon, Carlos,607074,2021,29,24,132.2,534,481,91,62,15,1,13,185,36,34.6,6.7,0.189,0.306,0.253,0.558,0.247,L,2219,58.7,95.4,2293,7.9,-12.6,19.4,2.4
Faria, Jake,607188,2021,28,23,32.2,154,137,39,24,7,3,5,32,13,20.8,8.4,0.285,0.489,0.351,0.84,0.359,R,639,56,92.3,2105,-4.3,-13.8,19,1
Glasnow, Tyler,607192,2021,28,14,88,340,313,55,31,13,1,10,123,27,36.2,7.9,0.176,0.319,0.241,0.561,0.246,R,1339,51.6,97,2424,-1.8,-11.9,17.5,1.5
Fedde, Erick,607200,2021,28,29,133.1,590,524,144,91,29,1,23,128,48,21.7,8.1,0.275,0.466,0.332,0.798,0.34,R,2410,2,93.2,1795,-3.1,-23,8.9,1.2
Romano, Sal,607219,2021,28,19,25,118,106,31,21,4,1,5,17,11,14.4,9.3,0.292,0.491,0.364,0.855,0.362,R,437,1.4,93.9,2036,-10.4,-20.7,15,1.4
Gsellman, Robert,607229,2021,28,17,28.2,119,109,27,18,6,0,3,17,7,14.3,5.9,0.248,0.385,0.303,0.688,0.302,R,427,5.2,94.4,1973,-11.2,-20,15.6,1.5
Gant, John,607231,2021,29,39,110,491,408,95,64,17,4,10,92,71,18.7,14.5,0.233,0.368,0.35,0.718,0.321,R,1975,12.2,92,2442,-11.9,-16.5,20.1,2.5
Garrett, Amir,607237,2021,29,63,47.2,215,185,46,27,10,0,9,61,29,28.4,13.5,0.249,0.449,0.349,0.797,0.34,L,828,48.8,94.8,2246,9.4,-15.5,17.8,1.3
Patton, Spencer,607359,2021,33,42,42.1,172,157,36,24,8,0,4,48,15,27.9,8.7,0.229,0.357,0.297,0.653,0.287,R,705,55.6,93.4,2036,-9.6,-15.7,18.5,1
Mazza, Chris,607391,2021,32,14,27.1,112,101,26,18,4,1,3,21,7,18.8,6.3,0.257,0.406,0.313,0.718,0.306,R,413,4.6,89.9,2033,-11.2,-22.1,16.5,1.5
Banda, Anthony,607455,2021,28,30,33.2,153,136,39,25,8,0,6,32,13,20.9,8.5,0.287,0.478,0.353,0.831,0.353,L,610,47.9,94.1,2109,11.3,-15.2,19.4,1.2
Barraclough, Kyle,607457,2021,31,10,13,60,49,12,7,1,0,4,18,8,30,13.3,0.245,0.51,0.367,0.877,0.373,R,268,52.2,93.1,2370,-7.9,-16.3,17.3,1
Bummer, Aaron,607481,2021,28,62,56.1,242,208,42,38,1,0,3,75,29,31,12,0.202,0.25,0.31,0.56,0.257,L,953,,,,,,,
Freeland, Kyle,607536,2021,28,23,120.2,515,469,133,85,28,0,20,105,38,20.4,7.4,0.284,0.471,0.34,0.811,0.349,L,1886,24.9,91.4,2398,6.2,-19.6,14.4,1.5
Harper, Ryne,607560,2021,32,34,35.2,148,131,28,17,5,0,6,31,14,20.9,9.5,0.214,0.389,0.297,0.687,0.297,R,510,24.3,86.5,1822,-0.1,-25.4,11.1,1.3
Howard, Sam,607572,2021,28,54,45,199,161,34,21,6,0,7,60,32,30.2,16.1,0.211,0.379,0.347,0.726,0.325,L,846,43.3,93.4,2370,9.8,-13.5,20.5,1.2
Lugo, Seth,607625,2021,32,46,46.1,195,173,41,26,8,1,6,55,19,28.2,9.7,0.237,0.399,0.313,0.712,0.305,R,730,29.2,94.2,2228,-7.6,-13.7,18.9,1.6
Means, John,607644,2021,28,26,146.2,590,557,125,73,21,1,30,134,26,22.7,4.4,0.224,0.427,0.263,0.69,0.294,L,2328,48,92.8,2399,6.7,-11.9,21.3,1.2
Estevez, Carlos,608032,2021,29,64,61.2,270,242,71,49,13,1,8,60,21,22.2,7.8,0.293,0.455,0.348,0.803,0.345,R,1007,65.8,97.1,2163,-8.5,-14.5,16.8,1.4
De Jong, Chase,608328,2021,28,9,43.2,196,175,49,20,15,3,11,39,19,19.9,9.7,0.28,0.589,0.352,0.941,0.391,R,775,48.9,92.9,2435,-2.7,-13.2,18.7,1.1
Fried, Max,608331,2021,27,28,165.2,667,612,139,94,28,2,15,158,41,23.7,6.1,0.227,0.353,0.28,0.633,0.278,L,2558,39.1,94,2114,1.3,-18.1,13,1.8
Fulmer, Carson,608334,2021,28,20,25.2,116,98,26,17,5,1,3,24,13,20.7,11.2,0.265,0.429,0.362,0.791,0.347,R,448,39.3,93.2,2278,-7.2,-15.4,17.8,1.2
Funkhouser, Kyle,608335,2021,27,57,68.1,298,253,58,45,4,3,6,63,38,21.1,12.8,0.229,0.34,0.332,0.672,0.303,R,1189,21.8,95.8,2161,-7.3,-14.7,16.9,1.3
Giolito, Lucas,608337,2021,27,31,178.2,720,662,145,87,27,4,27,201,52,27.9,7.2,0.219,0.394,0.276,0.671,0.288,R,2970,43.9,93.8,2345,-6.7,-12,20.3,1.3
Irvin, Cole,608344,2021,27,32,178.1,768,710,195,136,35,1,23,125,42,16.3,5.5,0.275,0.424,0.32,0.744,0.323,L,2682,40.8,90.8,1957,8.2,-16.6,18.6,1.7
Knebel, Corey,608349,2021,30,27,25.2,101,91,16,11,3,0,2,30,9,29.7,8.9,0.176,0.275,0.248,0.522,0.229,R,399,58.1,96.3,2403,-5.6,-12.8,17.8,1
Sims, Lucas,608371,2021,27,47,47,195,170,34,17,11,0,6,76,18,39,9.2,0.2,0.371,0.287,0.658,0.281,R,815,41.2,95.1,2581,-8.5,-12.2,20.1,1.1
Wacha, Michael,608379,2021,30,29,124.2,528,488,132,83,25,1,23,121,31,22.9,5.9,0.27,0.467,0.316,0.784,0.334,R,1974,36.2,93.8,2091,-6.8,-12.6,20,1.6
Marquez, German,608566,2021,26,32,180,756,682,165,108,35,1,21,176,64,23.3,8.5,0.242,0.389,0.308,0.697,0.303,R,2788,45.4,94.8,2078,-6,-18.6,13.2,1.5
Chargois, JT,608638,2021,31,56,53.2,216,188,38,22,10,1,5,53,20,24.5,9.3,0.202,0.346,0.296,0.642,0.279,R,876,4.1,95.6,2260,-11,-18.4,16.3,1.4
Duffey, Tyler,608648,2021,31,64,62.1,254,222,48,36,7,1,4,61,28,24,11,0.216,0.311,0.307,0.618,0.278,R,1007,46.6,92.5,2272,-5.6,-15.8,17.2,1.3
Enns, Dietrich,608650,2021,30,9,22.1,88,82,17,12,3,1,1,25,6,28.4,6.8,0.207,0.305,0.261,0.566,0.25,L,360,58.6,94.2,2246,5.4,-13.5,18.4,1.3
Farrell, Luke,608652,2021,30,20,24.2,113,100,28,17,6,1,4,25,13,22.1,11.5,0.28,0.48,0.363,0.843,0.363,R,473,40.2,91.3,2379,-3.6,-14.2,19,1.5
Graveman, Kendall,608665,2021,31,53,56,222,194,35,27,5,0,3,61,20,27.5,9,0.18,0.253,0.284,0.536,0.248,R,871,8.6,96.3,2315,-7.8,-13.4,18,1.2
Leone, Dominic,608678,2021,30,57,53.2,219,190,37,27,8,0,2,50,22,22.8,10,0.195,0.268,0.274,0.542,0.247,R,851,47.4,95.5,2225,-6,-14.5,16.6,1.1
Steckenrider, Drew,608716,2021,30,62,67.2,267,243,52,33,14,0,5,58,17,21.7,6.4,0.214,0.333,0.273,0.607,0.264,R,1008,65.9,94,2362,-8.7,-12.4,20.8,1.5
Stratton, Chris,608717,2021,31,68,79.1,337,300,70,49,11,1,9,86,33,25.5,9.8,0.233,0.367,0.309,0.675,0.294,R,1374,48.4,93,2610,-4.6,-15.8,16.5,1.1
Suter, Brent,608718,2021,32,61,73.1,313,286,72,48,14,1,9,69,24,22,7.7,0.252,0.402,0.31,0.712,0.307,L,1221,72.6,87.3,2163,-3.6,-23.9,12.5,1.5
Voth, Austin,608723,2021,29,49,57.1,248,214,57,34,13,0,10,59,28,23.8,11.3,0.266,0.467,0.347,0.814,0.345,R,1021,59.5,94.2,2358,-5.2,-13.6,18.2,1.1
Castro, Miguel,612434,2021,27,69,70.1,303,254,48,34,7,0,7,77,43,25.4,14.2,0.189,0.299,0.32,0.619,0.286,R,1228,,,,,,,
Adams, Austin,613534,2021,30,65,52.2,241,176,28,16,10,1,1,76,35,31.5,14.5,0.159,0.244,0.361,0.605,0.297,R,962,12.9,94.1,2571,-8.7,-21.9,13.1,1.1
Ruiz, Jose,614179,2021,27,59,65,271,243,51,29,14,0,8,63,25,23.2,9.2,0.21,0.366,0.28,0.647,0.281,R,1037,59.5,97,2329,-6.4,-11.4,18.9,1.3
Quantrill, Cal,615698,2021,26,40,149.2,616,552,129,87,23,3,16,121,47,19.6,7.6,0.234,0.373,0.3,0.674,0.296,R,2263,14.6,94.4,2164,-8.4,-14.5,18.2,1
Sawamura, Hirokazu,617228,2021,33,55,53,233,198,45,23,13,0,9,61,32,26.2,13.7,0.227,0.429,0.339,0.768,0.324,R,945,45.5,96,2115,-8.3,-13.2,18.5,1.1
Reyes, Alex,621052,2021,27,69,72.1,317,262,46,33,4,0,9,95,52,30,16.4,0.176,0.294,0.315,0.609,0.281,R,1249,30.8,96.6,2385,-5.2,-11.8,18.3,1.2
Garza, Justin,621057,2021,27,21,28.2,128,108,27,17,5,0,5,29,18,22.7,14.1,0.25,0.435,0.352,0.787,0.344,R,503,4,94.1,2254,-3,-14.6,16.5,1.5
Rucker, Michael,621074,2021,27,20,28.1,126,112,32,20,7,0,5,30,11,23.8,8.7,0.286,0.482,0.357,0.839,0.36,R,490,36.9,95.1,2245,-8.2,-14.7,17.9,1.1
Kaprielian, James,621076,2021,27,24,119.1,502,451,105,58,24,4,19,123,41,24.5,8.2,0.233,0.43,0.301,0.731,0.314,R,2024,52.8,93,2035,-8.5,-16.3,17.6,1.2
Eflin, Zach,621107,2021,27,18,105.2,442,421,116,70,29,2,15,99,16,22.4,3.6,0.276,0.461,0.305,0.766,0.325,R,1615,12.4,93.1,2149,-10.2,-17.6,17.4,1.3
Buehler, Walker,621111,2021,27,33,207.2,815,747,149,92,36,2,19,212,52,26,6.4,0.199,0.329,0.254,0.583,0.255,R,3152,44.5,95.3,2472,-3,-12,18.4,1.2
Blackburn, Paul,621112,2021,28,9,38.1,175,163,52,35,7,2,8,26,10,14.9,5.7,0.319,0.534,0.366,0.899,0.383,R,681,6.3,90.8,2138,-5,-16.3,17.5,1.2
Burr, Ryan,621114,2021,27,34,36.2,151,125,28,22,3,0,3,33,21,21.9,13.9,0.224,0.32,0.331,0.651,0.298,R,593,50.3,94.7,2001,-1.4,-14.7,15.8,1
McCullers Jr., Lance,621121,2021,28,28,162.1,684,596,122,80,26,3,13,185,76,27,11.1,0.205,0.324,0.304,0.628,0.283,R,2788,,,,,,,
Cody, Kyle,621129,2021,27,7,11.1,55,49,16,12,1,0,3,14,2,25.5,3.6,0.327,0.531,0.382,0.912,0.388,R,209,39.2,95.1,2059,-7.1,-14.5,17.5,1.3
Kriske, Brooks,621139,2021,27,12,11.1,56,47,17,6,3,1,7,11,6,19.6,10.7,0.362,0.915,0.429,1.343,0.536,R,194,54.1,95.3,2208,-5.1,-11.5,19.4,1.3
Mills, Alec,621219,2021,30,32,119,517,470,137,94,27,0,16,87,34,16.8,6.6,0.291,0.451,0.344,0.795,0.343,R,1936,17.2,88.7,2167,-9.3,-20.7,17,1.3
Alvarado, Jose,621237,2021,26,64,55.2,251,197,42,30,7,0,5,68,47,27.1,18.7,0.213,0.325,0.382,0.707,0.322,L,1045,3.4,98.4,2123,8.2,-13,17.6,1.6
Diaz, Edwin,621242,2021,27,63,62.2,257,221,43,30,9,1,3,89,23,34.6,8.9,0.195,0.285,0.292,0.577,0.264,R,999,62.2,98.8,2288,-14.8,-16.6,18.9,1.3
Berrios, Jose,621244,2021,27,32,192,781,714,159,94,40,3,22,204,45,26.1,5.8,0.223,0.38,0.28,0.66,0.286,R,3043,26.7,94.1,2231,-9.9,-16.5,17.7,1.2
Garza Jr., Ralph,621248,2021,27,27,30.1,127,112,24,12,7,0,5,29,14,22.8,11,0.214,0.411,0.307,0.718,0.309,R,485,19,92.2,2195,-7.1,-16.7,17.1,1.2
Underwood Jr., Duane,621249,2021,27,43,72.2,320,285,77,49,17,2,9,65,27,20.3,8.4,0.27,0.439,0.338,0.776,0.333,R,1177,36.3,94.1,2169,-8.4,-15.4,17.7,1.4
Wittgren, Nick,621295,2021,30,60,62.1,258,234,61,35,12,1,13,61,17,23.6,6.6,0.261,0.487,0.31,0.797,0.331,R,1018,56.6,92.5,2056,-8.4,-16.9,17.4,1.1
Minter, A.J.,621345,2021,28,61,52.1,221,195,44,25,16,1,2,57,20,25.8,9,0.226,0.349,0.294,0.643,0.282,L,876,42.5,96.1,2349,6.3,-13,17.9,1
Clay, Sam,621348,2021,28,58,45,214,186,55,42,9,0,4,34,22,15.9,10.3,0.296,0.409,0.383,0.792,0.342,L,803,,,,,,,
Borucki, Ryan,621366,2021,27,24,23.2,98,84,18,10,3,0,5,21,11,21.4,11.2,0.214,0.429,0.306,0.735,0.318,L,369,,,,,,,
Hearn, Taylor,621368,2021,27,42,104.1,441,389,96,62,16,1,17,92,42,20.9,9.5,0.247,0.424,0.32,0.744,0.321,L,1726,46.2,95.1,2271,6.3,-13.6,18,1.6
Castro, Anthony,621593,2021,26,25,24.2,109,97,23,12,7,0,4,32,8,29.4,7.3,0.237,0.433,0.312,0.745,0.314,R,455,51.4,95.2,2486,-3.2,-17.5,13.1,1.6
Young, Alex,622065,2021,28,40,52,246,212,65,42,9,2,12,43,27,17.5,11,0.307,0.538,0.386,0.924,0.389,L,912,15.5,91.3,2257,8.4,-18.1,17.1,1.4
Wood, Alex,622072,2021,30,26,138.2,585,529,125,84,24,3,14,152,39,26,6.7,0.236,0.372,0.308,0.68,0.298,L,2195,,,,,,,
Almonte, Yency,622075,2021,27,48,47.2,217,181,47,27,10,1,9,47,29,21.7,13.4,0.26,0.475,0.369,0.844,0.361,R,871,45.4,94.2,2094,-7.1,-19.4,13.5,1.2
Antone, Tejay,622088,2021,28,23,33.2,128,112,17,12,2,0,3,42,13,32.8,10.2,0.152,0.25,0.258,0.508,0.232,R,529,,,,,,,
Zimmer, Kyle,622092,2021,30,52,54,223,189,46,31,8,0,7,46,30,20.6,13.5,0.243,0.397,0.341,0.738,0.321,R,934,50.4,94.1,2250,0.4,-15.5,15.4,1.1
Smith, Drew,622098,2021,28,31,41.1,165,146,28,12,9,0,7,41,16,24.8,9.7,0.192,0.397,0.279,0.676,0.283,R,610,56.2,95,2429,-6.8,-13.2,18.6,1.1
Sborz, Josh,622250,2021,28,63,59,257,222,52,34,10,1,7,69,32,26.8,12.5,0.234,0.383,0.327,0.71,0.31,R,1079,54.5,96.7,2340,-6.7,-10.2,20.3,1.1
Staumont, Josh,622251,2021,28,64,65.2,264,235,43,29,8,0,6,72,27,27.3,10.2,0.183,0.294,0.273,0.566,0.254,R,1096,43.4,96.5,2261,-3,-11,18.8,1.7
Tate, Dillon,622253,2021,27,62,67.2,287,249,61,39,14,1,7,49,23,17.1,8,0.245,0.394,0.317,0.711,0.31,R,1042,1.5,95.3,2087,-12.2,-17.4,17.9,1.6
Rodriguez, Jefry,622446,2021,28,14,24.1,112,94,25,18,1,0,6,20,17,17.9,15.2,0.266,0.468,0.384,0.852,0.371,R,412,51.5,94.7,2362,-7,-13.4,18.6,1.5
Castillo, Luis,622491,2021,29,33,187.2,803,711,181,121,34,7,19,192,75,23.9,9.3,0.255,0.402,0.328,0.73,0.318,R,3164,28.5,97.1,2325,-11.3,-16.2,17.2,1.3
Crismatt, Nabil,622503,2021,27,45,81.1,351,317,87,61,16,0,10,71,24,20.2,6.8,0.274,0.42,0.339,0.759,0.33,R,1337,13.1,90.1,2134,-6.7,-20.3,15.1,1.6
Senzatela, Antonio,622608,2021,26,28,156.2,670,620,178,123,39,4,12,105,32,15.7,4.8,0.287,0.421,0.327,0.748,0.323,R,2405,54.2,94.6,2096,-4.9,-19.3,12.2,1.7
Hernandez, Elieser,622694,2021,26,11,51.2,225,204,54,27,13,1,13,53,14,23.6,6.2,0.265,0.529,0.316,0.845,0.353,R,818,51.5,90.9,2129,-5.3,-15.8,18.3,1.3
Diaz, Miguel,622766,2021,27,25,42,172,152,31,14,7,2,8,46,19,26.7,11,0.204,0.434,0.291,0.725,0.312,R,695,46.2,94.4,2188,-12.9,-15.7,19.9,1.3
Perdomo, Angel,622780,2021,27,19,17,79,60,12,6,2,0,4,28,16,35.4,20.3,0.2,0.433,0.38,0.813,0.35,L,354,65,94.3,2487,4.9,-13.4,18.2,1.4
Sewald, Paul,623149,2021,31,62,64.2,264,239,42,24,7,1,10,104,24,39.4,9.1,0.176,0.339,0.25,0.589,0.25,R,1104,58.3,92.3,2444,-12.5,-18.5,18.6,1.1
Flexen, Chris,623167,2021,27,31,179.2,741,690,185,127,34,5,19,125,40,16.9,5.4,0.268,0.414,0.309,0.724,0.311,R,2811,40,92.8,2107,-2,-13.5,18.6,1.4
Hader, Josh,623352,2021,27,60,58.2,224,197,25,18,4,0,3,102,24,45.5,10.7,0.127,0.193,0.228,0.421,0.2,L,964,65.5,96.4,2069,9.8,-12.1,20.1,1.2
Wieck, Brad,623364,2021,30,15,17,71,61,10,7,3,0,0,28,10,39.4,14.1,0.164,0.213,0.282,0.495,0.237,L,293,84.6,92.6,2297,4.1,-13.1,19.3,1.2
Anderson, Drew,623454,2021,27,9,22,91,84,20,17,2,0,1,9,6,9.9,6.6,0.238,0.298,0.297,0.594,0.267,R,352,49.4,92.5,2128,-6.4,-13.8,19.4,1.5
Phillips, Evan,623465,2021,27,8,13.1,58,52,11,8,2,0,1,11,5,19,8.6,0.212,0.308,0.293,0.601,0.263,R,244,45.1,95.4,2222,-8,-15.8,16.6,1.2
Herget, Jimmy,623474,2021,28,18,18.2,78,70,20,12,6,1,1,20,4,25.6,5.1,0.286,0.443,0.346,0.789,0.335,R,299,24.7,91.5,2248,-16.6,-24.3,18.9,1.3
Goudeau, Ashton,623485,2021,29,16,34.1,141,119,24,12,8,0,4,22,17,15.6,12.1,0.202,0.37,0.305,0.675,0.294,R,564,45.4,92.7,2058,-6.5,-15.5,17.7,1.3
Suarez, Ranger,624133,2021,26,39,106,418,376,73,59,9,1,4,107,33,25.6,7.9,0.194,0.255,0.266,0.521,0.235,L,1614,22.5,93.7,1933,7.4,-19,14.3,1.2
Thompson, Keegan,624522,2021,26,32,53.1,243,206,48,30,9,0,9,55,31,22.6,12.8,0.233,0.408,0.333,0.741,0.326,R,966,47.5,93.9,2364,-6.1,-15.7,16.8,1.8
Gonzalez, Victor,624647,2021,26,44,35.1,155,131,32,23,6,0,3,33,19,21.3,12.3,0.244,0.359,0.348,0.707,0.313,L,557,,,,,,,
Lopez, Reynaldo,625643,2021,27,20,57.2,222,205,42,19,12,1,10,55,13,24.8,5.9,0.205,0.42,0.248,0.667,0.28,R,938,57.9,95.8,2225,-7.9,-12.9,18.8,1.4
Thorpe, Lewis,626929,2021,26,5,15.1,66,59,14,9,3,0,2,6,7,9.1,10.6,0.237,0.39,0.318,0.708,0.31,L,251,45.4,89.1,1957,7.9,-17.4,19,1.7
Maeda, Kenta,628317,2021,33,21,106.1,453,411,106,68,20,2,16,113,32,24.9,7.1,0.258,0.433,0.32,0.753,0.325,R,1775,25.9,90.6,2264,-7.8,-17.5,17.8,1.5
Iglesias, Raisel,628452,2021,31,65,70,273,256,53,34,8,0,11,103,12,37.7,4.4,0.207,0.367,0.242,0.609,0.261,R,1059,34.8,96.3,2351,-9.8,-13.3,19.1,1.3
Urias, Julio,628711,2021,25,32,185.2,745,691,151,99,33,0,19,195,38,26.2,5.1,0.219,0.349,0.263,0.612,0.266,L,2786,47.8,94.1,2500,3.7,-13.4,17.8,1.3
Crowe, Wil,640444,2021,27,26,116.2,524,457,126,77,20,4,25,111,57,21.2,10.9,0.276,0.501,0.361,0.862,0.369,R,2171,34.9,93.7,2407,-3.1,-14.5,17,1.3
Finnegan, Kyle,640448,2021,30,68,66,294,255,64,44,10,1,9,68,34,23.1,11.6,0.251,0.404,0.34,0.744,0.324,R,1209,,,,,,,
Manaea, Sean,640455,2021,29,32,179.1,754,702,179,119,33,2,25,194,41,25.7,5.4,0.255,0.415,0.304,0.718,0.31,L,2980,,,,,,,
Puk, A.J.,640462,2021,26,12,13.1,65,58,18,16,1,0,1,16,6,24.6,9.2,0.31,0.379,0.385,0.764,0.341,L,243,40.3,95.4,2215,8.5,-16.3,16.8,1.8
Stewart, Kohl,640464,2021,27,4,13.2,64,55,17,13,2,0,2,11,6,17.2,9.4,0.309,0.455,0.391,0.845,0.373,R,237,5.5,91.6,2086,-4,-19,14.1,1.5
Alzolay, Adbert,640470,2021,26,29,125.2,519,474,112,67,19,1,25,128,34,24.7,6.6,0.236,0.439,0.291,0.73,0.312,R,1955,18.5,94,2295,-7.8,-14.2,18.7,1.5
Lopez, Pablo,641154,2021,25,20,102.2,418,382,89,55,21,2,11,115,26,27.5,6.2,0.233,0.385,0.292,0.677,0.293,R,1669,31.8,94.1,2121,-7,-17.2,15.5,1.2
Alexander, Tyler,641302,2021,27,41,106.1,451,415,106,68,20,2,16,87,28,19.3,6.2,0.255,0.429,0.306,0.735,0.315,L,1640,15.1,90.5,2192,7.1,-16.9,18.1,1.1
Anderson, Shaun,641312,2021,27,16,23.1,124,109,36,25,6,1,4,19,12,15.3,9.7,0.33,0.514,0.403,0.917,0.391,R,437,33.2,93.2,2528,0.5,-17.9,13.7,1.5
Bickford, Phil,641360,2021,26,57,51.1,207,183,36,23,5,1,7,59,19,28.5,9.2,0.197,0.35,0.28,0.63,0.263,R,776,64.2,93.9,2344,-4,-14.4,17.3,1.1
Bowden, Ben,641386,2021,27,39,35.2,177,153,44,25,11,2,6,42,21,23.7,11.9,0.288,0.503,0.373,0.876,0.374,L,674,70.9,92.4,2409,10.5,-14.9,20.1,1.3
Brentz, Jake,641394,2021,27,72,64,278,229,45,27,9,2,7,76,37,27.3,13.3,0.197,0.345,0.317,0.662,0.297,L,1105,58.4,96.9,2248,9.5,-14.6,17.5,1.4
Brogdon, Connor,641401,2021,26,56,57.2,235,213,47,29,12,0,6,50,18,21.3,7.7,0.221,0.362,0.281,0.642,0.277,R,923,44.9,96,2288,-10.4,-13.2,19.7,1.2
Castano, Daniel,641447,2021,27,5,20.1,92,82,22,13,6,0,3,13,8,14.1,8.7,0.268,0.451,0.337,0.788,0.342,L,333,42.3,90.3,2216,5.7,-21.3,13.8,2.1
Cortes Jr., Nestor,641482,2021,27,22,93,374,345,75,46,14,1,14,103,25,27.5,6.7,0.217,0.386,0.273,0.658,0.285,L,1524,42.8,90.7,2224,5.6,-14.7,19.6,1.5
Dunning, Dane,641540,2021,27,27,117.2,511,459,126,83,29,1,13,114,43,22.3,8.4,0.275,0.427,0.344,0.771,0.336,R,1909,0.5,89.7,2027,-6.8,-26.8,9.8,1.4
Duplantier, Jon,641541,2021,27,4,13,70,59,19,11,3,0,5,12,8,17.1,11.4,0.322,0.627,0.414,1.041,0.441,R,270,36.7,91.2,2209,-8.1,-15.9,19.1,1.3
Foster, Matt,641582,2021,26,37,39,174,157,43,29,5,0,9,40,13,23,7.5,0.274,0.478,0.333,0.811,0.346,R,729,63.5,93.6,2298,-6.6,-12.6,20,1.1
Greene, Conner,641632,2021,26,24,25.1,121,104,32,22,9,0,1,26,12,21.5,9.9,0.308,0.423,0.388,0.812,0.352,R,447,35.3,96,2336,-12.7,-14.2,20.3,1.6
Hendrix, Ryan,641682,2021,27,36,31.2,142,123,33,18,6,1,8,35,16,24.6,11.3,0.268,0.528,0.352,0.881,0.366,R,540,43.9,96.4,2225,-7.4,-14.6,16.6,1.3
Jefferies, Daulton,641726,2021,26,5,15,58,53,11,5,5,0,1,8,4,13.8,6.9,0.208,0.358,0.276,0.634,0.278,R,220,12.3,93.2,2026,-10,-16.2,18.2,1.2
Jimenez, Joe,641729,2021,26,52,45.1,210,165,34,17,10,1,6,57,35,27.1,16.7,0.206,0.388,0.367,0.755,0.336,R,866,54,94.7,2494,-8.5,-12.7,19.9,1.3
Kay, Anthony,641743,2021,26,11,33.2,156,135,38,21,9,1,7,39,18,25,11.5,0.281,0.519,0.378,0.897,0.384,L,649,58.4,94.5,2383,5.8,-15.3,16.5,1.4
Keller, Brad,641745,2021,26,26,133.2,613,532,158,111,27,2,18,120,64,19.6,10.4,0.297,0.457,0.374,0.83,0.358,R,2348,29.8,94.2,2322,1,-16.7,14.2,1.5
Kinley, Tyler,641755,2021,30,70,70.1,295,264,59,34,9,4,12,68,26,23.1,8.8,0.223,0.424,0.295,0.719,0.308,R,1143,43.3,95.9,2378,-3.9,-13.1,17.1,1.3
Kuhl, Chad,641771,2021,29,28,80.1,349,290,73,43,17,0,13,75,42,21.5,12,0.252,0.445,0.355,0.8,0.347,R,1436,26.9,94.3,2106,-10.2,-17,17.4,1.6
Lauer, Eric,641778,2021,26,24,118.2,489,438,94,65,12,1,16,117,41,23.9,8.4,0.215,0.356,0.28,0.636,0.28,L,1956,43.9,92.6,2256,10.3,-14.9,20,1.3
Littell, Zack,641793,2021,26,63,61.2,252,222,46,25,12,2,7,63,24,25,9.5,0.207,0.374,0.286,0.66,0.287,R,993,57.8,94.9,2062,-6.5,-13,18.6,1.2
Mahle, Tyler,641816,2021,27,33,180,759,674,158,100,31,3,24,210,64,27.7,8.4,0.234,0.396,0.306,0.702,0.308,R,3196,53.1,94,2335,-12.1,-13.9,21,1.6
Mayza, Tim,641835,2021,29,61,53,210,194,40,31,3,1,5,57,12,27.1,5.7,0.206,0.309,0.262,0.571,0.256,L,841,0.2,92.2,2025,9.3,-16.6,18.1,1.4
McGowin, Kyle,641851,2021,30,27,30,128,112,21,12,4,0,5,35,14,27.3,10.9,0.188,0.357,0.289,0.646,0.283,R,517,10.8,91.2,2344,-7.6,-15.5,19.3,1.3
Middleton, Keynan,641871,2021,28,32,31,140,119,30,20,8,0,2,24,19,17.1,13.6,0.252,0.37,0.364,0.734,0.327,R,530,57.7,95.4,2379,-7.6,-12.6,19.3,1.4
Murphy, Patrick,641907,2021,26,25,28,128,114,31,21,7,0,3,29,10,22.7,7.8,0.272,0.412,0.352,0.764,0.336,R,486,32.3,96.6,2157,-5.4,-13.3,16.9,1.2
Ober, Bailey,641927,2021,26,20,92.1,379,356,92,53,16,3,20,96,19,25.3,5,0.258,0.489,0.296,0.784,0.33,R,1476,58,92.3,2177,-6.4,-16.2,17.2,1.2
Pagan, Emilio,641941,2021,30,67,63.1,263,242,56,21,18,1,16,69,18,26.2,6.8,0.231,0.512,0.289,0.801,0.336,R,1098,61.2,94.9,2520,-5.8,-12.1,19.3,1.1
Rogers, Josh,642028,2021,27,6,35.2,151,133,32,20,5,0,7,22,14,14.6,9.3,0.241,0.436,0.318,0.754,0.326,L,533,51.4,90.5,2078,11.5,-17.9,19.5,1.3
Saucedo, Tayler,642048,2021,28,29,25.2,109,96,22,12,9,0,1,19,10,17.4,9.2,0.229,0.354,0.312,0.666,0.294,L,432,10.4,93.6,2476,8.3,-16.6,17.1,1.3
Sheffield, Jordan,642068,2021,26,30,29.1,116,100,19,15,2,0,2,20,13,17.2,11.2,0.19,0.27,0.293,0.563,0.26,R,456,64.5,96.4,2590,-7.3,-12.7,18.3,1.2
Sherfy, James,642073,2021,30,14,15,63,55,12,9,0,0,3,12,4,19,6.3,0.218,0.382,0.286,0.668,0.293,R,230,35.2,94.1,2261,-5.4,-15.1,16.8,1.6
Slegers, Aaron,642083,2021,29,29,31,149,132,43,26,11,0,6,25,15,16.8,10.1,0.326,0.545,0.396,0.941,0.403,R,570,16.3,91.8,2011,-6.3,-18.1,15.7,1.2
Smith, Riley,642092,2021,26,24,67.1,301,279,86,48,26,2,10,36,15,12,5,0.308,0.523,0.349,0.872,0.368,R,1071,0.5,92.6,2262,-5.9,-19.4,14,1.5
Sulser, Cole,642121,2021,31,60,63.1,257,232,48,33,9,1,5,73,23,28.4,8.9,0.207,0.319,0.276,0.595,0.264,R,1070,51.1,93.2,2290,-8.4,-13.3,20.3,1.1
Taylor, Blake,642130,2021,26,51,42.2,188,163,38,23,9,0,6,41,22,21.8,11.7,0.233,0.399,0.319,0.718,0.31,L,748,72.5,93.1,2319,-2.9,-15.8,16.1,1.5
Trivino, Lou,642152,2021,30,71,73.2,310,268,58,43,10,0,5,67,34,21.6,11,0.216,0.31,0.31,0.619,0.28,R,1177,25.3,95.7,2006,-8.2,-15.2,17,1.1
Widener, Taylor,642203,2021,27,23,70.1,319,270,65,35,16,0,14,73,37,22.9,11.6,0.241,0.456,0.342,0.797,0.343,R,1216,66.5,92.6,2143,-5.8,-16.7,16.5,1.8
Williams, Devin,642207,2021,27,58,54,226,194,36,26,4,1,5,87,28,38.5,12.4,0.186,0.294,0.292,0.586,0.268,R,993,33.5,95.3,2250,-12.9,-15.2,19.9,1.2
Yarbrough, Ryan,642232,2021,30,30,155,653,610,163,99,37,2,25,117,27,17.9,4.1,0.267,0.457,0.305,0.762,0.325,L,2488,0.3,84.3,1999,8.9,-32,11.1,1.4
Yardley, Eric,642233,2021,31,17,18.2,89,74,24,13,8,0,3,5,10,5.6,11.2,0.324,0.554,0.416,0.97,0.408,R,315,,,,,,,
Soto, Gregory,642397,2021,26,62,63.2,276,232,46,32,7,0,7,76,40,27.5,14.5,0.198,0.319,0.315,0.634,0.285,L,1131,7.3,98.3,2350,8.8,-13.9,17.1,1.4
Loaisiga, Jonathan,642528,2021,27,57,70.2,283,260,56,46,6,1,3,69,16,24.4,5.7,0.215,0.281,0.265,0.546,0.245,R,1085,3.9,97.8,2433,-8.7,-11.7,19.2,1.4
Barria, Jaime,642545,2021,25,13,56.2,250,228,70,48,14,0,8,35,19,14,7.6,0.307,0.474,0.364,0.838,0.361,R,917,35,93.2,2306,-4.4,-14.9,17.3,1.2
Peralta, Freddy,642547,2021,25,28,144.1,580,510,84,45,23,2,14,195,56,33.6,9.7,0.165,0.3,0.26,0.56,0.252,R,2356,51.6,93.4,2370,-7,-14.9,18.1,1.7
Santana, Dennis,642701,2021,25,55,54.2,237,200,48,37,6,1,4,46,32,19.4,13.5,0.24,0.34,0.35,0.69,0.31,R,909,5.8,96,2394,-11.6,-15,18.9,1.2
Brault, Steven,643230,2021,29,7,27.2,127,113,33,19,7,4,3,19,12,15,9.4,0.292,0.504,0.362,0.867,0.366,L,498,40,90.7,2068,11.2,-20.8,16.9,1.1
Cimber, Adam,643256,2021,31,72,71.2,286,261,61,47,10,2,2,51,16,17.8,5.6,0.234,0.31,0.294,0.604,0.263,R,1022,32.5,87,2192,-11.8,-31.9,12.9,1.2
Dunn, Justin,643290,2021,26,11,50.1,218,184,37,26,4,1,6,49,29,22.5,13.3,0.201,0.332,0.321,0.653,0.295,R,870,51.7,93.7,2357,-9.6,-12.5,21.1,1.1
Fry, Paul,643316,2021,29,52,47.1,215,174,37,31,3,0,3,60,35,27.9,16.3,0.213,0.282,0.353,0.635,0.3,L,872,54.5,92.8,2329,5.8,-18.9,14.2,1.2
Green, Chad,643338,2021,30,67,83.2,315,295,57,29,13,1,14,99,17,31.4,5.4,0.193,0.386,0.235,0.621,0.262,R,1312,65.1,95.7,2501,-4.5,-10.7,19.9,1
Jax, Griffin,643377,2021,27,18,82,360,320,82,38,21,0,23,65,29,18.1,8.1,0.256,0.538,0.322,0.86,0.358,R,1394,46,92.6,2306,-12.1,-15.8,20.2,1
Rogers, Tyler,643511,2021,31,80,81,326,305,74,58,11,0,5,55,13,16.9,4,0.243,0.328,0.282,0.61,0.269,R,1129,53.1,82.7,1853,-1.1,-54.1,13.7,1.2
Zeuch, T.J.,643615,2021,26,5,15,74,65,21,10,5,0,6,8,9,10.8,12.2,0.323,0.677,0.405,1.082,0.45,R,286,0.3,91.3,2246,-8.2,-16.6,17.9,
Webb, Tyler,643778,2021,31,22,16.1,92,71,22,15,6,0,1,14,19,15.2,20.7,0.31,0.437,0.446,0.882,0.39,L,392,38.8,90.6,2129,2.3,-15.6,18,1.1
Alcantara, Sandy,645261,2021,26,33,205.2,837,768,171,107,40,3,21,201,50,24,6,0.223,0.365,0.276,0.641,0.279,R,3095,21.6,98.1,2239,-10.6,-14.8,17.5,1.4
Diaz, Jhonathan,646242,2021,25,3,13,59,50,11,6,4,0,1,9,7,15.3,11.9,0.22,0.36,0.322,0.682,0.302,L,237,0.8,89.9,1979,3.5,-19.4,15,1.5
Pop, Zach,647315,2021,25,50,54.2,246,213,54,39,10,2,3,51,24,20.7,9.8,0.254,0.362,0.35,0.711,0.316,R,936,0.7,94.2,2066,-4.3,-21.7,10.1,1.4
Wells, Alexander,649144,2021,24,11,42.2,197,177,53,35,7,1,10,26,16,13.2,8.1,0.299,0.52,0.365,0.885,0.377,L,754,50.8,88.5,2147,7.9,-16.7,20.1,1.6
Madero, Luis,650347,2021,24,6,12,56,47,13,2,6,2,3,4,8,7.1,14.3,0.277,0.681,0.393,1.074,0.435,R,214,36.9,89.6,2274,-9.2,-23.7,14.3,1.5
Hernandez, Darwinzon,650382,2021,25,48,40,182,143,29,19,5,0,5,54,31,29.7,17,0.203,0.343,0.357,0.7,0.32,L,754,73.1,94.8,2319,4.8,-17.2,14.2,1.2
Mejia, J.C.,650496,2021,25,17,52.1,238,210,60,33,14,0,13,47,24,19.7,10.1,0.286,0.538,0.366,0.904,0.385,R,982,16.3,93,2201,-7.4,-22.2,12.1,1.4
Garcia, Bryan,650530,2021,26,39,39.1,192,163,48,26,12,0,10,32,25,16.7,13,0.294,0.552,0.391,0.943,0.401,R,731,1.2,93.2,2047,-6.9,-14.8,18.1,1.5
Abreu, Bryan,650556,2021,24,31,36,161,138,35,22,9,0,4,36,18,22.4,11.2,0.254,0.406,0.348,0.754,0.33,R,689,45,95.7,2215,-8,-13,19,1.6
King, Michael,650633,2021,26,22,63.1,275,242,57,40,11,0,6,62,24,22.5,8.7,0.236,0.355,0.316,0.672,0.298,R,1009,8.8,95.2,2383,-9.7,-14.1,19.1,1.5
Civale, Aaron,650644,2021,26,21,124.1,498,458,108,63,18,4,23,99,31,19.9,6.2,0.236,0.443,0.287,0.73,0.311,R,1909,22.5,91.4,2327,-3.4,-15.1,17.8,1.1
Mejia, Humberto,650668,2021,24,5,22.1,105,94,32,11,13,3,5,20,9,19,8.6,0.34,0.702,0.39,1.093,0.447,R,421,42.3,92,2168,-8.3,-15,19.4,1.4
Quijada, Jose,650671,2021,26,26,25.2,110,94,20,13,5,0,2,38,15,34.5,13.6,0.213,0.33,0.327,0.657,0.294,L,499,73.3,93.6,2262,6.6,-15.9,16.8,1.4
Santana, Edgar,650828,2021,30,41,42.2,175,162,37,26,4,0,7,33,12,18.9,6.9,0.228,0.383,0.28,0.663,0.286,R,610,1,93.2,2090,-8.8,-25.5,10.5,1.4
Cabrera, Genesis,650893,2021,25,71,70,296,249,52,33,16,0,3,77,36,26,12.2,0.209,0.309,0.314,0.623,0.283,L,1195,44.7,97.6,2297,7.6,-10.5,19.9,1.3
Castillo, Diego,650895,2021,27,61,58.1,233,206,40,25,6,0,9,75,17,32.2,7.3,0.194,0.354,0.266,0.62,0.268,R,936,4.1,95.4,1950,-12.6,-19.6,16.5,1.4
Sanchez, Cristopher,650911,2021,25,7,12.2,59,50,16,11,4,0,1,13,7,22,11.9,0.32,0.46,0.39,0.85,0.377,L,211,,,,,,,
Diplan, Marcos,650959,2021,25,23,30,123,107,22,12,4,0,6,24,15,19.5,12.2,0.206,0.411,0.301,0.712,0.308,R,512,62.3,93.7,2246,-0.8,-14,17.4,1.4
Rodriguez, Manuel,655889,2021,25,20,17.2,83,70,18,11,4,0,3,16,12,19.3,14.5,0.257,0.443,0.373,0.816,0.353,R,300,29.3,97,2304,-3.6,-15.2,14.3,1.3
Abreu, Albert,656061,2021,26,28,36.2,156,131,27,13,6,0,8,35,19,22.4,12.2,0.206,0.435,0.314,0.749,0.32,R,642,16,97.8,2132,-11.7,-13.3,19.4,1.3
Barnes, Charlie,656212,2021,26,9,38,175,152,46,31,11,0,4,20,16,11.4,9.1,0.303,0.454,0.377,0.831,0.364,L,655,,,,,,,
Bielak, Brandon,656232,2021,25,28,50,218,189,48,34,9,0,5,46,21,21.1,9.6,0.254,0.381,0.33,0.711,0.314,R,835,40.1,94,2421,-5.2,-15.8,16.2,1.3
Bukauskas, J.B.,656266,2021,25,21,17.1,81,72,24,15,4,1,4,14,7,17.3,8.6,0.333,0.583,0.383,0.966,0.404,R,286,47.2,94.5,2308,-12.3,-19.4,16.9,1.2
Canning, Griffin,656288,2021,25,14,62.2,277,246,65,37,12,2,14,62,28,22.4,10.1,0.264,0.5,0.339,0.839,0.358,R,1080,40.8,93.5,2265,-9.3,-12.5,21.1,1.2
Cease, Dylan,656302,2021,26,32,165.2,708,623,139,94,22,3,20,226,68,31.9,9.6,0.223,0.364,0.305,0.669,0.295,R,2957,46.8,96.7,2543,-4.4,-10.5,19.4,1.5
Coonrod, Sam,656322,2021,29,42,42.1,185,166,41,30,6,0,5,48,15,25.9,8.1,0.247,0.373,0.319,0.692,0.303,R,712,19.5,98.5,2282,-9.7,-12.3,18.8,1.3
Davidson, Tucker,656353,2021,25,4,20,83,73,15,9,2,1,3,18,8,21.7,9.6,0.205,0.384,0.277,0.661,0.287,L,303,48.8,93,2027,2,-14.9,16.8,1.5
Davis, Austin,656354,2021,28,29,26.1,117,102,24,14,4,2,4,28,12,23.9,10.3,0.235,0.431,0.316,0.748,0.314,L,473,52,93.6,2163,9.1,-16.7,17.3,1.3
Feyereisen, J.P.,656420,2021,28,55,56,234,197,36,21,8,2,5,53,33,22.6,14.1,0.183,0.32,0.295,0.615,0.278,R,987,51.5,93.1,2491,-5.4,-10.9,21.7,1.1
Flaherty, Jack,656427,2021,26,17,78.1,322,286,57,34,11,0,12,85,26,26.4,8.1,0.199,0.364,0.276,0.64,0.28,R,1353,50.6,93.6,2246,-4,-15.8,16,1.9
Gilbert, Tyler,656457,2021,28,9,40,157,140,28,17,6,1,4,25,13,15.9,8.3,0.2,0.343,0.268,0.61,0.267,L,600,24.7,89.7,2166,8.2,-18.2,17.9,1.4
Gilbreath, Lucas,656458,2021,25,47,42.2,185,159,33,24,4,0,5,44,23,23.8,12.4,0.208,0.327,0.308,0.635,0.285,L,731,63.1,93.3,2424,0.2,-16.1,15.3,1.6
Ginkel, Kevin,656464,2021,27,32,28.1,129,112,30,14,8,1,7,31,14,24,10.9,0.268,0.545,0.357,0.901,0.383,R,556,59.4,94.7,2387,-10.6,-14.9,19.1,1.3
Hentges, Sam,656529,2021,25,30,68.2,318,283,90,61,19,0,10,68,32,21.4,10.1,0.318,0.491,0.384,0.875,0.377,L,1260,41.4,94.6,2158,6.3,-15.6,16.3,1.6
Hoffman, Jeff,656546,2021,28,31,73,335,282,70,42,15,1,12,79,45,23.6,13.4,0.248,0.436,0.358,0.794,0.345,R,1360,56,94.3,2467,-10.4,-12.6,21.2,1.7
Holloway, Jordan,656548,2021,25,13,36,158,130,23,12,7,1,3,36,26,22.8,16.5,0.177,0.315,0.31,0.626,0.284,R,664,33.4,95.4,2184,-2.7,-12.8,17.6,1.5
Houck, Tanner,656557,2021,25,18,69,285,256,57,43,9,1,4,87,21,30.5,7.4,0.223,0.313,0.295,0.607,0.271,R,1149,38.6,94.5,2099,-6.3,-22.7,10.2,1.2
Jackson, Andre,656578,2021,25,3,11.2,50,42,10,6,3,0,1,10,6,20,12,0.238,0.381,0.32,0.701,0.316,R,199,46.2,92.3,2225,-9.1,-15,19.4,1.5
Keller, Mitch,656605,2021,25,23,100.2,470,407,131,90,29,2,10,92,49,19.6,10.4,0.322,0.477,0.398,0.875,0.379,R,1858,56.7,93.8,2354,-6.6,-15.3,17.1,1.6
Klobosits, Gabe,656620,2021,26,11,11.1,52,46,13,10,3,0,0,5,5,9.6,9.6,0.283,0.348,0.365,0.713,0.314,R,194,66,94.7,2183,-6.9,-13.7,18.2,1.1
Kopech, Michael,656629,2021,25,44,69.1,285,257,54,34,7,4,9,103,24,36.1,8.4,0.21,0.374,0.277,0.651,0.28,R,1128,64.4,97.3,2585,-9.8,-10.5,21.1,1.7
Lange, Alex,656638,2021,26,36,35.2,162,143,37,25,6,1,5,39,16,24.1,9.9,0.259,0.42,0.346,0.765,0.335,R,639,45.4,96.4,2343,-10.5,-13.7,19.2,1.1
Martin, Brett,656685,2021,26,66,62.1,264,246,67,52,10,0,5,42,14,15.9,5.3,0.272,0.374,0.307,0.681,0.293,L,918,24.1,93.6,2195,5.8,-16.1,16.3,1.1
Martin, Corbin,656686,2021,26,5,16,86,68,23,12,5,1,5,13,14,15.1,16.3,0.338,0.662,0.442,1.104,0.461,R,342,64,94.1,2348,-6.4,-14.3,18,1.4
Megill, Trevor,656730,2021,28,28,23.2,115,105,36,22,6,1,7,30,8,26.1,7,0.343,0.619,0.391,1.01,0.424,R,460,63.3,96.3,2426,-4.7,-13,17.2,1.3
Megill, Tylor,656731,2021,26,18,89.2,379,345,88,54,14,1,19,99,27,26.1,7.1,0.255,0.467,0.309,0.775,0.332,R,1554,57.6,94.6,2153,-9.4,-14.4,18.9,1.4
Montgomery, Jordan,656756,2021,29,30,157.1,661,600,150,110,21,0,19,162,51,24.5,7.7,0.25,0.38,0.307,0.687,0.299,L,2570,16.2,92.6,2284,7.4,-15.3,18.3,1.1
Nelson, Nick,656793,2021,26,11,14.1,78,57,15,7,7,1,0,22,16,28.2,20.5,0.263,0.421,0.436,0.857,0.38,R,338,53.8,96.4,2070,-7.9,-11.9,19.5,1.2
Newcomb, Sean,656794,2021,28,32,32.1,150,119,28,19,7,1,1,43,27,28.7,18,0.235,0.336,0.38,0.716,0.327,L,673,57.7,95.6,2295,5.1,-13.7,17.1,1.3
Overton, Connor,656818,2021,28,9,15.1,63,56,14,9,3,0,2,15,5,23.8,7.9,0.25,0.411,0.302,0.712,0.303,R,273,37.4,92.4,2239,-10,-15.2,19.8,1.2
Peterson, David,656849,2021,26,15,66.2,287,251,64,37,15,1,11,69,29,24,10.1,0.255,0.454,0.341,0.796,0.345,L,1122,29.1,92.7,2068,10.3,-17,18.3,1.6
Rasmussen, Drew,656876,2021,26,35,76,307,280,57,40,10,2,5,73,25,23.8,8.1,0.204,0.307,0.267,0.574,0.252,R,1202,65,97.1,2437,-4.4,-11.6,18.2,1.4
Reid-Foley, Sean,656887,2021,26,12,20.2,92,83,22,14,5,0,3,26,9,28.3,9.8,0.265,0.434,0.337,0.771,0.326,R,371,62.8,93.7,2139,-5,-13.8,18.3,1.3
Scott, Tanner,656945,2021,27,62,54,251,205,48,37,4,1,6,70,37,27.9,14.7,0.234,0.351,0.363,0.714,0.321,L,1032,45.4,96.8,2582,4.4,-13.7,16.3,1.2
Sheffield, Justus,656954,2021,25,21,80.1,385,332,105,67,24,0,14,63,43,16.4,11.2,0.316,0.515,0.397,0.912,0.39,L,1470,0.7,93.5,2057,6.6,-19.6,13.5,1.4
Solomon, Peter,656981,2021,25,6,14,55,46,10,8,1,1,0,10,8,18.2,14.5,0.217,0.283,0.327,0.61,0.28,R,227,51.1,92.1,2178,-7.9,-13.9,20.2,1.6
Steele, Justin,657006,2021,26,20,57,248,215,50,30,8,0,12,59,27,23.8,10.9,0.233,0.437,0.331,0.768,0.332,L,964,45.2,93.1,2494,2,-16,15.7,1.7
Swanson, Erik,657024,2021,28,33,35.1,144,132,28,16,4,3,5,35,10,24.3,6.9,0.212,0.402,0.271,0.672,0.285,R,564,59.9,94.7,2303,-8.5,-11.6,20.9,1.1
Taylor, Josh,657031,2021,28,61,47.2,209,183,45,35,8,0,2,60,23,28.7,11,0.246,0.322,0.34,0.662,0.295,L,791,36.9,94.6,2247,3.7,-14.6,16.5,1.3
Thompson, Ryan,657044,2021,29,36,34,134,123,26,14,8,1,3,37,9,27.6,6.7,0.211,0.366,0.276,0.642,0.274,R,483,15.3,92.7,2230,-15.5,-24.6,17.4,1.4
Toussaint, Touki,657053,2021,25,11,50,216,184,43,26,6,0,11,48,22,22.2,10.2,0.234,0.446,0.329,0.774,0.334,R,820,3.3,93.7,2179,-5.3,-18,14.2,1.5
Watkins, Spenser,657093,2021,29,16,54.2,255,230,74,41,17,2,14,35,19,13.7,7.5,0.322,0.596,0.373,0.968,0.405,R,960,46.9,90.8,2236,-0.3,-15.4,17.9,1.3
Webb, Jacob,657097,2021,28,34,34.1,153,136,38,26,6,2,4,33,14,21.6,9.2,0.279,0.441,0.346,0.788,0.332,R,568,44.5,94.1,2415,-12.2,-14.6,20.4,0.9
Jewell, Jake,657228,2021,28,10,10,51,46,18,11,2,0,5,10,5,19.6,9.8,0.391,0.761,0.451,1.212,0.503,R,215,37.2,94.6,2082,-6.3,-16.8,15.3,1.3
Merryweather, Julian,657240,2021,30,13,13,55,49,13,9,0,0,4,12,4,21.8,7.3,0.265,0.51,0.327,0.837,0.353,R,217,54.4,97.5,2262,-7.7,-11.4,19.2,1.3
Otto Jr., Glenn,657248,2021,25,6,23.1,111,100,32,21,7,2,2,28,8,25.2,7.2,0.32,0.49,0.378,0.868,0.375,R,448,48.9,92.6,2186,-6.5,-16.1,17.1,1.3
Webb, Logan,657277,2021,25,27,148.1,596,546,128,95,22,2,9,158,36,26.5,6,0.234,0.332,0.289,0.62,0.274,R,2214,9.8,93.2,2133,-8.5,-20.4,14.1,1.1
Baumann, Mike,657508,2021,26,4,10,50,43,13,6,5,0,2,5,6,10,12,0.302,0.558,0.4,0.958,0.407,R,185,55.7,93.6,2093,-3.3,-13.3,18.5,1.3
Hill, Tim,657612,2021,31,78,59.2,255,222,51,35,6,1,9,56,23,22,9,0.23,0.387,0.314,0.701,0.301,L,961,47.2,92,2255,18.9,-28.3,19.5,1.1
Ryan, Joe,657746,2021,25,5,26.2,100,95,16,7,5,0,4,30,5,30,5,0.168,0.347,0.21,0.557,0.238,R,412,65.8,91.2,2175,-10.9,-18.3,18.3,1.6
Garcia, Edgar,658305,2021,25,11,14.2,72,63,19,8,5,1,5,12,8,16.7,11.1,0.302,0.651,0.389,1.04,0.432,R,281,18.1,93.7,2081,-4.6,-15.1,16.8,1.3
Fernandez, Junior,658551,2021,24,18,20.2,97,82,25,17,6,0,2,15,15,15.5,15.5,0.305,0.451,0.412,0.864,0.373,R,372,0.5,99.4,2170,-6,-11.5,17.3,1.4
Lamet, Dinelson,659275,2021,29,22,47,209,183,48,32,10,0,6,57,22,27.3,10.5,0.262,0.415,0.344,0.76,0.333,R,832,43.5,95.5,2430,-5.2,-13.6,17.4,1.4
Ohtani, Shohei,660271,2021,27,23,130.1,533,473,98,60,23,0,15,156,44,29.3,8.3,0.207,0.351,0.285,0.636,0.279,R,2027,44.2,95.6,2217,-3.8,-14.7,16,2.5
Yang, Hyeon-Jong,660365,2021,33,12,35.1,160,142,42,27,5,1,9,25,16,15.6,10,0.296,0.535,0.369,0.904,0.383,L,592,45.8,89.9,2168,1.6,-16.1,17.9,1.5
Diaz, Yennsy,660546,2021,25,20,25,112,98,25,17,2,1,5,21,12,18.8,10.7,0.255,0.449,0.339,0.788,0.34,R,447,64.2,95.4,1996,-8.1,-15.7,16.8,1.4
Paredes, Enoli,660600,2021,26,12,8.2,53,33,7,5,2,0,0,15,17,28.3,32.1,0.212,0.273,0.491,0.763,0.379,R,254,66.1,95.3,2390,-0.5,-15.1,15.2,1.6
Ynoa, Huascar,660623,2021,23,18,91,372,340,76,40,20,2,14,100,25,26.9,6.7,0.224,0.418,0.282,0.7,0.299,R,1482,40.5,96.5,2146,-7.7,-12.6,18.6,1.6
Suarez, Jose,660761,2021,23,23,98.1,413,369,85,51,23,0,11,85,36,20.6,8.7,0.23,0.382,0.303,0.685,0.299,L,1573,40.9,92.9,2190,9.1,-17,17.5,1.3
Graterol, Brusdar,660813,2021,23,34,33.1,150,131,34,21,11,0,2,27,13,18,8.7,0.26,0.389,0.347,0.736,0.312,R,523,2.1,99.5,2115,-7.7,-14.8,14.9,1.4
De Los Santos, Enyel,660853,2021,26,33,35.1,173,148,43,23,12,0,8,48,18,27.7,10.4,0.291,0.534,0.376,0.91,0.384,R,697,68.4,94.8,2194,-13.1,-17,18.9,1.3
Alcala, Jorge,660896,2021,26,59,59.2,229,210,45,30,5,0,10,61,13,26.6,5.7,0.214,0.381,0.262,0.643,0.275,R,869,36.6,97.4,2346,-10.7,-12.9,19.4,1.7
Lopez, Yoan,661255,2021,28,13,12.1,61,54,18,10,4,1,3,13,6,21.3,9.8,0.333,0.611,0.393,1.005,0.409,R,215,51.6,95.7,2204,-5.2,-13.6,17.2,1.3
Gutierrez, Vladimir,661269,2021,26,22,114,496,437,115,67,26,2,20,88,46,17.7,9.3,0.263,0.469,0.333,0.802,0.345,R,1831,47.2,93.2,2167,-10.3,-16.6,18.2,1.3
Clase, Emmanuel,661403,2021,23,71,69.2,279,262,51,44,4,1,2,74,16,26.5,5.7,0.195,0.24,0.24,0.481,0.212,R,1042,0.9,100.6,2546,-4.2,-13.8,13.9,1.4
Gil, Luis,661563,2021,23,6,29.1,129,109,20,15,1,0,4,38,19,29.5,14.7,0.183,0.303,0.31,0.613,0.282,R,532,53.4,96.1,2445,-4.5,-11.9,18.5,1.4
Burrows, Beau,663366,2021,25,6,11,58,44,16,5,5,1,5,8,10,13.8,17.2,0.364,0.864,0.448,1.312,0.502,R,267,57.7,93.1,2194,-6.8,-13.3,19.6,1.4
Waddell, Brandon,663399,2021,27,9,9.1,51,42,14,6,6,0,2,7,9,13.7,17.6,0.333,0.619,0.451,1.07,0.45,L,213,46.9,92.5,2355,3.2,-15.5,16.8,0.9
Thornton, Trent,663423,2021,28,37,49,216,194,54,29,12,1,12,52,16,24.1,7.4,0.278,0.536,0.343,0.879,0.371,R,908,38.9,93.9,2331,-3.2,-14,17.4,1.7
Rainey, Tanner,663432,2021,29,38,31.2,151,122,29,16,5,2,6,42,25,27.8,16.6,0.238,0.459,0.377,0.836,0.361,R,665,64.7,96.3,2400,-8.4,-11.5,20,1.6
Bubic, Kris,663460,2021,24,29,130,556,487,121,73,23,3,22,114,59,20.5,10.6,0.248,0.444,0.336,0.78,0.337,L,2202,52,90.9,2073,6.2,-17.7,16.8,1.8
Allard, Kolby,663465,2021,24,32,124.2,534,496,128,81,16,2,29,104,31,19.5,5.8,0.258,0.474,0.305,0.779,0.331,L,2054,46.9,91.5,2121,7.9,-15.7,18.8,1.1
McKenzie, Triston,663474,2021,24,25,120,495,433,84,44,19,0,21,136,58,27.5,11.7,0.194,0.383,0.293,0.676,0.296,R,1975,61.6,92.1,2256,-3.4,-12.5,20.2,1.5
Allen, Logan,663531,2021,24,14,50.1,222,199,58,37,9,0,12,37,17,16.7,7.7,0.291,0.518,0.356,0.873,0.371,L,874,42.1,92.7,1992,6.9,-16.3,17,1.3
Mize, Casey,663554,2021,24,30,150.1,612,555,130,81,20,5,24,118,41,19.3,6.7,0.234,0.418,0.297,0.715,0.308,R,2357,29.1,93.9,2151,-9.1,-15.3,18.4,1.6
McClanahan, Shane,663556,2021,24,25,123.1,517,476,120,83,23,0,14,141,37,27.3,7.2,0.252,0.389,0.308,0.696,0.304,L,1954,40.9,96.4,2256,10.5,-13.3,19.5,2
Falter, Bailey,663559,2021,24,22,33.2,139,130,34,24,4,1,5,34,6,24.5,4.3,0.262,0.423,0.302,0.725,0.311,L,552,62.9,91.8,1769,7.4,-14.8,19.1,1.1
Santillan, Tony,663574,2021,24,26,43.1,190,157,34,21,4,2,7,56,21,29.5,11.1,0.217,0.401,0.326,0.728,0.318,R,761,47.3,95,2105,-10.5,-15.8,17.9,1.5
Neidert, Nick,663734,2021,25,8,35.2,157,126,31,19,8,0,4,21,23,13.4,14.6,0.246,0.405,0.376,0.781,0.345,R,598,47,91.7,2071,-14,-20.6,18.6,1.4
Lynch, Daniel,663738,2021,25,15,68,311,271,80,54,15,2,9,55,31,17.7,10,0.295,0.465,0.37,0.835,0.36,L,1257,40.7,93.8,2112,7.3,-15.8,17,1.5
Knehr, Reiss,663753,2021,25,12,29,129,104,23,13,7,1,2,20,20,15.5,15.5,0.221,0.365,0.349,0.714,0.315,R,513,54.6,93.5,2395,-6.2,-15.4,17.1,1.3
Woodford, Jake,663765,2021,25,26,67.2,293,253,66,46,11,2,7,50,25,17.1,8.5,0.261,0.403,0.338,0.741,0.322,R,1156,22.3,92.1,2217,-4.7,-17.7,15.4,1.5
Evans, Demarcus,663770,2021,25,25,26.1,120,101,24,14,6,0,4,33,16,27.5,13.3,0.238,0.416,0.342,0.758,0.333,R,522,60.3,91,2467,-1.9,-10.9,22.5,1.8
Sandoval, Patrick,663776,2021,25,17,87,363,321,69,50,6,2,11,94,36,25.9,9.9,0.215,0.349,0.3,0.649,0.288,L,1444,24.3,93.3,2080,2.7,-15,16.8,1.6
Kowar, Jackson,663804,2021,25,9,30.1,154,128,43,25,11,0,7,29,20,18.8,13,0.336,0.586,0.422,1.008,0.422,R,631,55.3,95.6,2193,-12.5,-15,19.6,1.1
Pearson, Nate,663878,2021,25,12,15,71,59,14,10,1,1,2,20,12,28.2,16.9,0.237,0.39,0.366,0.756,0.332,R,301,62.8,97.8,2201,-7.7,-11.1,19.4,1.8
Singer, Brady,663903,2021,25,27,128.1,586,519,146,108,21,3,14,131,53,22.4,9,0.281,0.414,0.358,0.773,0.338,R,2287,1.6,92.8,2264,-7.3,-18.1,15.6,1.4
Paddack, Chris,663978,2021,25,23,108.1,459,427,115,74,22,4,15,99,22,21.6,4.8,0.269,0.445,0.301,0.746,0.319,R,1869,61.5,94.8,2210,-9.5,-13.1,20,1.5
Stephan, Trevor,663986,2021,26,43,63.1,282,247,58,30,13,0,15,75,31,26.6,11,0.235,0.47,0.326,0.796,0.34,R,1210,59.8,96.2,2378,-9,-15,17.2,1.5
Lovelady, Richard,663992,2021,26,20,20.2,84,76,16,12,1,0,3,23,6,27.4,7.1,0.211,0.342,0.274,0.616,0.265,L,315,32.1,93.1,2491,6.3,-17.6,15.3,1.2
Lakins Sr., Travis,664042,2021,27,24,28,123,104,23,17,2,0,4,24,17,19.5,13.8,0.221,0.356,0.333,0.689,0.308,R,501,34.9,93.4,2231,-4.7,-15.6,16.6,1.3
Eshelman, Thomas,664045,2021,27,9,27.2,126,114,34,19,9,0,6,11,10,8.7,7.9,0.298,0.535,0.357,0.892,0.377,R,441,5.4,85.7,1821,-3.5,-25.3,12.5,1.4
Stashak, Cody,664054,2021,27,15,15.2,75,62,16,10,4,0,2,26,10,34.7,13.3,0.258,0.419,0.36,0.779,0.339,R,308,45.5,90.6,2210,-5.6,-13,21.2,1
Gonsolin, Tony,664062,2021,27,15,55.2,239,203,41,23,10,0,8,65,34,27.2,14.2,0.202,0.369,0.314,0.683,0.305,R,990,43.6,93.8,2379,-6.8,-13.4,19.1,1.5
Ponce, Cody,664074,2021,27,15,38.1,179,163,56,29,18,1,8,36,11,20.1,6.1,0.344,0.613,0.38,0.993,0.413,R,712,41.7,93.2,2257,-8.3,-16,17.6,1.3
Cleavinger, Garrett,664076,2021,27,22,18,84,69,20,14,2,0,4,21,12,25,14.3,0.29,0.493,0.393,0.886,0.384,L,356,54.5,95.8,2288,7.3,-16.1,15.6,1.4
Poppen, Sean,664092,2021,27,24,22.2,110,98,31,23,3,3,2,26,9,23.6,8.2,0.316,0.469,0.391,0.86,0.367,R,406,,,,,,,
Effross, Scott,664123,2021,28,14,14.2,58,52,13,8,3,0,2,18,1,31,1.7,0.25,0.423,0.293,0.716,0.304,R,222,19.8,90.7,2269,-16.8,-29.1,17.5,1.2
Fairbanks, Pete,664126,2021,28,47,42.2,189,166,40,30,7,1,2,56,21,29.6,11.1,0.241,0.331,0.328,0.659,0.294,R,774,57.6,97.1,2397,1.2,-11.1,18.3,1.5
Hartlieb, Geoff,664129,2021,28,7,9,50,36,10,5,5,0,0,9,11,18,22,0.278,0.417,0.48,0.897,0.408,R,213,22.5,93.7,2370,-5.5,-23.7,9.3,1.5
Brubaker, JT,664141,2021,28,24,124.1,538,485,123,71,22,2,28,129,38,24,7.1,0.254,0.48,0.316,0.796,0.34,R,1944,24.5,92.9,2178,-8.7,-15.8,18.2,1.3
Lucchesi, Joey,664192,2021,28,11,38.1,157,139,34,20,8,2,4,41,11,26.1,7,0.245,0.417,0.299,0.717,0.31,L,646,,,,,,,
Clarke, Taylor,664199,2021,28,43,43.1,194,179,52,34,14,0,4,39,14,20.1,7.2,0.291,0.436,0.34,0.776,0.331,R,754,53.4,95.5,2203,-6.1,-12.6,18.6,0.9
Maton III, Phil,664208,2021,28,65,66.2,297,254,65,36,21,2,6,85,32,28.6,10.8,0.256,0.425,0.347,0.772,0.335,R,1174,49.1,91.5,2487,0.8,-19.1,13.5,1.1
Valdez, Framber,664285,2021,28,22,134.2,572,501,110,81,16,1,12,125,58,21.9,10.1,0.22,0.327,0.313,0.64,0.288,L,2090,5.3,92.1,2182,5.1,-22.2,11.5,1.5
Javier, Cristian,664299,2021,24,36,101.1,424,361,67,39,11,1,16,130,53,30.7,12.5,0.186,0.355,0.3,0.654,0.291,R,1792,59.4,93.5,2341,-7.9,-13.4,19.8,1.4
Yajure, Miguel,664337,2021,23,4,15,68,60,17,6,5,0,6,11,7,16.2,10.3,0.283,0.667,0.368,1.034,0.428,R,239,25.9,90.6,2376,-4.9,-15.7,18.4,1.2
Urquidy, Jose,664353,2021,26,20,107,423,399,87,48,20,2,17,90,19,21.3,4.5,0.218,0.406,0.255,0.661,0.282,R,1631,54.9,92.5,2213,-7.8,-12.7,21,1.7
Newsome, Ljay,664714,2021,25,7,14.2,69,63,20,10,5,0,5,16,3,23.2,4.3,0.317,0.635,0.333,0.968,0.405,R,276,58,92.6,2036,-8.2,-16.1,17.9,1.4
Cousins, Jake,664776,2021,27,30,30,125,101,16,11,2,0,3,44,19,35.2,15.2,0.158,0.267,0.312,0.579,0.272,R,533,1.3,95.5,2176,-10.4,-17.1,16.5,1.5
Helsley, Ryan,664854,2021,27,51,47.1,206,176,40,28,8,0,4,47,27,22.8,13.1,0.227,0.341,0.325,0.666,0.295,R,805,55.8,97.4,2525,-3.6,-11.8,17.6,1.7
Lawrence, Justin,664875,2021,27,19,16.2,86,63,21,16,5,0,0,17,19,19.8,22.1,0.333,0.413,0.465,0.878,0.39,R,326,,,,,,,
Keller, Kyle,664918,2021,28,32,33.1,155,128,30,15,5,1,9,36,22,23.2,14.2,0.234,0.5,0.368,0.868,0.369,R,653,55.6,94.5,2308,-7.2,-13.2,18.9,1.4
Misiewicz, Anthony,664948,2021,27,66,54.2,236,218,61,42,12,0,7,53,15,22.5,6.4,0.28,0.431,0.326,0.757,0.324,L,894,35.3,94.3,2216,8.6,-14.7,18.3,1.1
Kremer, Dean,665152,2021,25,13,53.2,245,216,63,33,13,0,17,47,25,19.2,10.2,0.292,0.588,0.363,0.951,0.397,R,986,55.7,92.6,2308,-9.4,-14.4,20.1,1.4
Castro, Kervin,665645,2021,22,10,13.1,56,50,13,11,2,0,0,13,4,23.2,7.1,0.26,0.3,0.304,0.604,0.263,R,201,74.1,94.5,2275,-0.8,-14,16.6,1.3
Cabrera, Edward,665795,2021,23,7,26.1,120,97,24,12,5,1,6,28,19,23.3,15.8,0.247,0.505,0.392,0.897,0.387,R,482,38.8,96.7,2262,-10.3,-13.7,18.9,1.4
Oviedo, Luis,665854,2021,22,22,29.2,147,117,33,20,8,1,4,31,26,21.1,17.7,0.282,0.47,0.415,0.885,0.383,R,580,50.5,94.3,2200,-7.6,-14.1,18.5,2
Anderson, Ian,666120,2021,23,24,128.1,535,475,105,66,23,0,16,124,53,23.2,9.9,0.221,0.371,0.297,0.668,0.293,R,2175,47.1,94.6,2045,-5.4,-13.2,18.4,1.1
Garrett, Braxton,666129,2021,24,8,34,159,132,42,31,8,0,3,32,20,20.1,12.6,0.318,0.447,0.403,0.849,0.377,L,604,33.6,90.3,2187,4.7,-15.4,18.9,1.2
Manning, Matt,666159,2021,23,18,85.1,385,344,96,61,23,2,10,57,33,14.8,8.6,0.279,0.445,0.343,0.788,0.34,R,1421,41.4,93.5,2054,-2.8,-14.5,17.2,1.6
Thompson, Mason,666168,2021,23,31,24.2,121,103,32,23,5,0,4,23,15,19,12.4,0.311,0.476,0.397,0.872,0.38,R,424,4,95.6,2225,-7.6,-17.6,14.7,1.3
Luzardo, Jesus,666200,2021,24,25,95.1,437,378,106,58,24,4,20,98,48,22.4,11,0.28,0.524,0.362,0.885,0.375,L,1724,25.1,95.9,2289,12.8,-14.5,20.2,1.6
Manoah, Alek,666201,2021,23,20,111.2,459,401,77,52,13,0,12,127,40,27.7,8.7,0.192,0.314,0.29,0.604,0.273,R,1845,36.2,93.7,2349,-5,-15.4,16.7,1.3
Muller, Kyle,666205,2021,24,9,36.2,155,129,26,18,6,0,2,37,20,23.9,12.9,0.202,0.295,0.31,0.604,0.275,L,677,41.4,93.4,2435,6.5,-16.2,16.6,1.6
Doval, Camilo,666808,2021,24,29,27,109,99,19,13,2,0,4,37,9,33.9,8.3,0.192,0.333,0.266,0.599,0.257,R,452,41.6,98.6,2574,-4.4,-15.1,13.8,1.5
Nance, Tommy,667297,2021,30,27,28.2,127,110,25,15,4,1,5,30,13,23.6,10.2,0.227,0.418,0.323,0.741,0.322,R,456,21.5,95.2,2281,-8.5,-18.5,14.6,1.2
Sanchez, Miguel,667376,2021,28,28,26,120,101,27,17,6,0,4,23,14,19.2,11.7,0.267,0.446,0.358,0.804,0.343,R,470,37.9,94.2,2234,-6.1,-16.4,15.7,1.3
King, John,667463,2021,27,27,46,193,176,41,31,6,1,3,40,12,20.7,6.2,0.233,0.33,0.295,0.625,0.276,L,696,,,,,,,
Dugger, Robert,667498,2021,26,12,25.2,121,105,34,22,6,2,4,19,12,15.7,9.9,0.324,0.533,0.388,0.922,0.391,R,461,32.8,91.3,2101,-8.4,-17.6,17.5,1.3
Tyler, Kyle,667725,2021,25,5,12.1,52,42,8,6,1,0,1,6,6,11.5,11.5,0.19,0.286,0.308,0.593,0.271,R,190,62.6,91,2140,1.8,-17.1,16.1,1.4
Plesac, Zach,668676,2021,26,25,142.2,598,552,137,80,33,1,23,100,34,16.7,5.7,0.248,0.437,0.298,0.734,0.314,R,2205,41.5,92.8,2048,-8.7,-14.7,19.2,1.5
Gallen, Zac,668678,2021,26,23,121.1,523,463,108,65,22,2,19,139,49,26.6,9.4,0.233,0.413,0.31,0.722,0.313,R,2102,53.7,93.4,2325,-3.4,-14.1,17.8,1.3
Scrubb, Andre,668687,2021,26,18,19.2,86,70,15,9,1,0,5,21,14,24.4,16.3,0.214,0.443,0.337,0.78,0.336,R,354,,,,,,,
Kranick, Max,668820,2021,24,9,38.2,182,156,47,29,14,0,4,32,19,17.6,10.4,0.301,0.468,0.385,0.853,0.364,R,674,48.5,94.2,2136,-6.6,-13.6,18.6,1.7
Wilson, Bryse,669060,2021,24,16,74,322,293,85,52,18,0,15,46,22,14.3,6.8,0.29,0.505,0.335,0.841,0.353,R,1136,43.7,93.1,2024,-6.4,-17.1,15.9,1.2
Zimmermann, Bruce,669145,2021,26,14,64.1,285,258,75,51,10,0,14,56,22,19.6,7.7,0.291,0.492,0.347,0.84,0.359,L,1105,42.2,91.4,2325,6.3,-16.5,17.5,1.3
May, Dustin,669160,2021,24,5,23,93,86,16,10,2,0,4,35,6,37.6,6.5,0.186,0.349,0.247,0.596,0.255,R,368,19,98.3,2306,-10.2,-12.7,18.8,1.3
Heasley, Jon,669169,2021,24,3,14.2,59,54,15,7,5,0,3,6,3,10.2,5.1,0.278,0.537,0.339,0.876,0.371,R,250,44,93.5,2258,-9,-13.8,19.8,1.5
Burnes, Corbin,669203,2021,27,28,167,657,612,123,96,17,3,7,234,34,35.6,5.2,0.201,0.273,0.248,0.521,0.232,R,2594,1.5,96.4,2605,-5.8,-15.4,15.1,1.4
Akin, Keegan,669211,2021,26,24,95,427,379,110,70,21,2,17,82,40,19.2,9.4,0.29,0.491,0.356,0.847,0.361,L,1768,57.2,92,2337,10.7,-14.4,21.1,1.4
Morgan, Eli,669212,2021,25,18,89.1,379,348,90,46,24,0,20,81,22,21.4,5.8,0.259,0.5,0.306,0.806,0.343,R,1414,48.6,90.5,2223,-11.4,-16.1,20.8,1.5
Menez, Conner,669214,2021,26,8,14,62,58,16,10,3,1,2,15,3,24.2,4.8,0.276,0.466,0.306,0.772,0.325,L,247,34,90.9,2164,5.6,-15.9,18,1.2
Campbell, Paul,669294,2021,26,16,26.2,124,111,32,21,5,1,5,26,10,21,8.1,0.288,0.486,0.355,0.841,0.363,R,468,44.9,92.7,2475,-5.2,-14.3,18.5,1.3
Gilbert, Logan,669302,2021,24,24,119.1,503,464,112,63,30,2,17,128,28,25.4,5.6,0.241,0.425,0.29,0.715,0.305,R,2125,61.5,95.3,2200,-5.4,-12.1,19,1.3
Wells, Tyler,669330,2021,27,44,57,224,208,40,24,5,2,9,65,12,29,5.4,0.192,0.365,0.237,0.602,0.258,R,894,56,95.2,2428,-4.1,-10.5,20.4,1.4
Skubal, Tarik,669373,2021,25,31,149.1,634,576,141,78,28,0,35,164,47,25.9,7.4,0.245,0.476,0.306,0.782,0.332,L,2547,42.8,94.3,2191,8.3,-14.8,18.3,1.6
Lambert, Jimmy,669424,2021,27,4,13,60,51,16,10,3,0,3,10,6,16.7,10,0.314,0.549,0.4,0.949,0.402,R,246,52.4,93.6,2054,-6.5,-13.8,18.6,1.2
Rogers, Trevor,669432,2021,24,25,133,550,490,107,70,31,0,6,157,46,28.5,8.4,0.218,0.318,0.287,0.606,0.27,L,2169,57.7,94.5,2375,11.1,-16,18.6,1.6
Bieber, Shane,669456,2021,26,16,96.2,405,367,84,54,18,1,11,134,33,33.1,8.1,0.229,0.373,0.299,0.672,0.294,R,1559,35.3,92.8,2335,-9.7,-13.3,21,1
Barlow, Joe,669618,2021,26,31,29,111,97,12,7,3,0,2,27,12,24.3,10.8,0.124,0.216,0.216,0.433,0.2,R,455,45.1,94.5,2256,-5.2,-11.4,20.1,1.2
Bender, Anthony,669622,2021,26,60,61.1,247,217,45,26,12,2,5,71,20,28.7,8.1,0.207,0.35,0.287,0.638,0.275,R,973,1.2,97.5,2521,-6.5,-15.4,15,1.3
Long, Sammy,669674,2021,26,12,40.2,176,156,37,21,10,1,5,38,15,21.6,8.5,0.237,0.41,0.313,0.723,0.313,L,732,42.2,92.6,2104,7.1,-14,19.3,1.4
Rodriguez, Chris,669735,2021,23,15,29.2,134,115,28,20,8,0,0,29,15,21.6,11.2,0.243,0.313,0.351,0.664,0.304,R,505,2.4,94.6,2205,-11.3,-16.6,18.2,1.5
Alexy, A.J.,669935,2021,23,5,23,97,78,13,7,2,0,4,17,17,17.5,17.5,0.167,0.346,0.32,0.666,0.3,R,424,54.5,93.3,2218,-4.2,-12.3,19.9,1.4
White, Mitch,669952,2021,27,21,46.2,197,177,38,25,7,0,6,49,17,24.9,8.6,0.215,0.356,0.279,0.635,0.276,R,762,52,94.4,2332,-3,-13.8,17.2,1.3
Baragar, Caleb,670056,2021,27,25,23,98,81,19,13,4,1,1,16,12,16.3,12.2,0.235,0.346,0.347,0.693,0.303,L,358,81,92.8,2363,8.6,-11.7,22,1.1
Mills, Wyatt,670090,2021,26,11,12.2,64,54,19,13,4,1,1,11,7,17.2,10.9,0.352,0.519,0.422,0.94,0.399,R,230,22.6,93.1,1959,-15.8,-22.7,18.4,1.2
Bednar, David,670280,2021,27,61,60.2,237,216,40,23,9,3,5,77,19,32.5,8,0.185,0.324,0.253,0.577,0.249,R,934,55.8,96.7,2290,-8.9,-12.7,18.9,1.2
Hammer, JD,670456,2021,27,20,20,94,81,21,15,3,0,3,22,11,23.4,11.7,0.259,0.407,0.362,0.769,0.336,R,405,61.5,94,2302,-11.4,-14.6,20.2,1.3
Oviedo, Johan,670912,2021,23,14,62.1,288,243,61,39,13,1,8,51,37,17.7,12.8,0.251,0.412,0.361,0.773,0.339,R,1086,53.3,94.9,2256,-6.1,-18.9,13.2,1.6
Richards, Trevor,670950,2021,28,53,64.1,251,228,40,22,5,1,12,78,22,31.1,8.8,0.175,0.364,0.247,0.611,0.264,R,1059,56.8,92.7,2184,-5.8,-12.3,20.6,1
Uceta, Edwin,670955,2021,23,14,20.1,92,75,19,13,3,0,3,25,12,27.2,13,0.253,0.413,0.337,0.75,0.323,R,361,0.8,92.3,2341,-7.8,-13.6,20.4,1.4
Ramirez, Yohan,670990,2021,26,25,27.2,114,96,18,10,2,0,6,35,12,30.7,10.5,0.188,0.396,0.289,0.685,0.304,R,436,53.7,95.4,2311,-12.8,-18,17.8,1.2
Detmers, Reid,672282,2021,22,5,20.2,101,88,26,15,6,0,5,19,11,18.8,10.9,0.295,0.534,0.386,0.92,0.39,L,379,39.6,92.8,2073,7.3,-14.9,18.4,1.3
Perez, Cionel,672335,2021,25,25,24,111,90,21,13,2,1,5,25,20,22.5,18,0.233,0.444,0.369,0.814,0.351,L,454,64.3,96,2107,4.4,-14.3,16,1.3
Hernandez, Carlos,672578,2021,24,24,85.2,358,310,69,51,9,2,7,74,41,20.7,11.5,0.223,0.332,0.318,0.651,0.291,R,1434,48.5,97.1,2366,-6.9,-11.8,18.6,1.9
Patino, Luis,672715,2021,22,19,77.1,333,298,69,45,12,0,12,74,29,22.2,8.7,0.232,0.393,0.303,0.696,0.3,R,1365,60.5,95.7,2415,-4.2,-11.4,19.2,1.5
Guenther, Sean,674944,2021,26,14,20.1,103,89,31,21,8,1,1,15,10,14.6,9.7,0.348,0.494,0.417,0.912,0.396,L,360,56.9,93,2233,5.9,-15.7,17.1,0.9
Lowther, Zac,675912,2021,25,10,29.2,138,121,36,24,6,0,6,30,13,21.7,9.4,0.298,0.496,0.384,0.88,0.38,L,571,54.1,90.7,2206,12.1,-17.6,20.1,1.5
Karinchak, James,675916,2021,26,60,55.1,235,199,35,19,6,1,9,78,32,33.2,13.6,0.176,0.352,0.294,0.645,0.287,R,1007,68.1,95.9,2309,-5.1,-12,18.7,1
Howard, Spencer,675921,2021,25,19,49.2,229,197,53,35,7,4,7,52,27,22.7,11.8,0.269,0.452,0.362,0.814,0.352,R,936,60.9,94.2,2146,-7.5,-13.8,18.9,1.8
Naughton, Packy,676050,2021,25,7,22.2,108,93,27,21,3,0,3,12,14,11.1,13,0.29,0.419,0.389,0.808,0.354,L,383,32.9,90.5,2034,8.1,-18.6,16.9,1.2
Heuer, Codi,676051,2021,25,65,67.1,281,249,65,45,11,2,7,56,23,19.9,8.2,0.261,0.406,0.32,0.726,0.313,R,1049,56.1,95.9,2366,-14.4,-16.5,19.8,1.4
Junk, Janson,676083,2021,25,4,16.1,71,68,20,14,1,0,5,10,2,14.1,2.8,0.294,0.529,0.31,0.839,0.357,R,247,51.8,92.5,2357,-1.2,-15.7,16.4,1.1
Elledge, Seth,676220,2021,25,11,11.2,52,43,13,8,4,0,1,11,7,21.2,13.5,0.302,0.465,0.404,0.869,0.376,R,221,,,,,,,
Abbott, Cory,676265,2021,26,7,17.1,82,70,20,9,4,0,7,12,11,14.6,13.4,0.286,0.643,0.378,1.021,0.426,R,352,58.8,92.6,2320,-9.6,-14.9,19.9,1.1
Bettinger, Alec,676424,2021,26,4,10,51,46,18,10,5,0,3,5,3,9.8,5.9,0.391,0.696,0.431,1.127,0.476,R,199,63.8,91.5,2106,-3.1,-14.2,18.8,1
Whitlock, Garrett,676477,2021,25,46,73.1,298,275,64,44,14,0,6,81,17,27.2,5.7,0.233,0.349,0.282,0.631,0.272,R,1150,9.5,96.3,2125,-11,-14.6,18.6,1.4
Fleming, Josh,676596,2021,25,26,104.1,448,410,110,76,22,1,11,65,31,14.5,6.9,0.268,0.407,0.321,0.729,0.313,L,1629,0.5,91,1842,12.3,-18.1,19.7,1.5
Zuber, Tyler,676604,2021,26,31,27.1,123,104,26,16,4,0,6,25,17,20.3,13.8,0.25,0.462,0.358,0.819,0.351,R,506,57.9,94.6,2231,-9,-14.5,18.6,1.3
Margevicius, Nick,676606,2021,25,5,12,60,52,13,7,4,0,2,12,7,20,11.7,0.25,0.442,0.35,0.792,0.339,L,259,71,89.6,2176,5.4,-15,20.1,1.4
Vest, Will,676684,2021,26,32,35,156,132,38,23,13,0,2,27,18,17.3,11.5,0.288,0.432,0.378,0.81,0.355,R,607,56.8,93.5,1989,-11.3,-16.9,18.4,1.1
Whitley, Kodi,676831,2021,26,25,25.1,101,87,15,12,2,0,1,27,12,26.7,11.9,0.172,0.23,0.267,0.497,0.231,R,401,56.9,93.7,2248,-5.9,-11.7,20.5,1.6
Peacock, Matt,676840,2021,27,35,86.1,386,352,107,69,22,3,13,50,28,13,7.3,0.304,0.494,0.352,0.847,0.357,R,1323,,,,,,,
Ashby, Aaron,676879,2021,23,13,31.2,133,119,25,19,2,0,4,39,12,29.3,9,0.21,0.328,0.286,0.613,0.272,L,532,2.1,96.6,2057,8,-18.1,14,1.4
de Geus, Brett,676969,2021,24,47,50,238,201,62,43,10,3,6,41,25,17.2,10.5,0.308,0.478,0.399,0.877,0.379,R,911,0.9,91.3,2040,-9.1,-27.4,11.1,1.5
Crochet, Garrett,676979,2021,22,54,54.1,230,197,42,32,7,1,2,65,27,28.3,11.7,0.213,0.289,0.304,0.594,0.269,L,915,64.3,96.7,2331,4.6,-11.5,18.5,1.3
Garcia, Luis,677651,2021,25,30,155.1,633,573,133,81,31,2,19,167,50,26.4,7.9,0.232,0.393,0.294,0.687,0.297,R,2502,44.7,93.3,2354,-5,-13,19.3,1.5
Bruihl, Justin,677865,2021,24,21,18.2,73,64,13,12,0,0,1,11,7,15.1,9.6,0.203,0.25,0.288,0.538,0.239,L,255,,,,,,,
Weathers, Ryan,677960,2021,22,30,94.2,401,362,101,62,19,0,20,72,30,18,7.5,0.279,0.497,0.334,0.831,0.356,L,1617,43,94,2058,11.6,-16.9,18.3,1.5
Dobnak, Randy,677976,2021,26,14,50.2,228,213,66,37,17,1,11,27,12,11.8,5.3,0.31,0.554,0.346,0.9,0.38,R,765,0.8,93.5,2075,-15.6,-23.1,17.8,1.4
Gray, Josiah,680686,2021,24,14,70.2,307,265,63,32,10,2,19,76,33,24.8,10.7,0.238,0.506,0.319,0.825,0.348,R,1213,51.6,94.6,2254,-9.5,-12.8,20.2,1.1
Sandlin, Nick,680704,2021,24,34,33.2,141,119,21,13,5,1,2,48,17,34,12.1,0.176,0.286,0.298,0.584,0.269,R,603,14.1,94.4,2351,-12.7,-18.7,17.6,1.3
Wantz, Andrew,681806,2021,26,21,27.1,120,105,23,14,4,0,5,38,11,31.7,9.2,0.219,0.4,0.308,0.708,0.308,R,483,45.5,93.2,2283,-4.4,-14.6,17.5,1.1
Warren, Austin,681810,2021,25,16,20.1,84,78,16,11,4,1,0,20,5,23.8,6,0.205,0.282,0.262,0.544,0.243,R,286,35,93.8,2287,-10,-15.1,19.1,1.1
Vesia, Alex,681911,2021,25,41,40,161,135,17,6,5,0,6,54,22,33.5,13.7,0.126,0.296,0.255,0.551,0.241,L,651,72.4,93.8,2365,6.8,-11.5,20.9,1.3
Mears, Nick,683232,2021,25,30,23.1,107,93,25,17,3,0,5,23,13,21.5,12.1,0.269,0.462,0.355,0.818,0.349,R,452,64.2,95.6,2184,-3.8,-10.9,19.4,1.3
Arihara, Kohei,685503,2021,29,10,40.2,178,160,45,18,14,2,11,24,13,13.5,7.3,0.281,0.6,0.348,0.948,0.395,R,696,29.5,91.3,2158,-10,-17.1,18.9,1.8
